id,path
678512.0,https://image.tmdb.org/t/p/w300/qA5kPYZA7FkVvqcEfJRoOy4kpHg.jpg
299054.0,https://image.tmdb.org/t/p/w300/iwsMu0ehRPbtaSxqiaUDQB9qMWT.jpg
507089.0,https://image.tmdb.org/t/p/w300/7BpNtNfxuocYEVREzVMO75hso1l.jpg
385687.0,https://image.tmdb.org/t/p/w300/fiVW06jE7z9YnO4trhaMEdclSiC.jpg
575264.0,https://image.tmdb.org/t/p/w300/NNxYkU70HPurnNCSiCjYAmacwm.jpg
872585.0,https://image.tmdb.org/t/p/w300/8Gxv8gSFCU0XGDykEGv7zR1n2ua.jpg
926393.0,https://image.tmdb.org/t/p/w300/b0Ej6fnXAP8fK75hlyi2jKqdhHz.jpg
609681.0,https://image.tmdb.org/t/p/w300/Ag3D9qXjhJ2FUkrlJ0Cv1pgxqYQ.jpg
975902.0,https://image.tmdb.org/t/p/w300/adMcxfUonnm9RvPImGHy25wYUks.jpg
951491.0,https://image.tmdb.org/t/p/w300/aQPeznSu7XDTrrdCtT5eLiu52Yu.jpg
823395.0,https://image.tmdb.org/t/p/w300/ApRW9CPK83fF4KCXPR00KCzXOjL.jpg
762430.0,https://image.tmdb.org/t/p/w300/oUmmY7QWWn7OhKlcPOnirHJpP1F.jpg
939335.0,https://image.tmdb.org/t/p/w300/qXChf7MFL36BgoLkiB3BzXiwW82.jpg
968051.0,https://image.tmdb.org/t/p/w300/5gzzkR7y3hnY8AD1wXjCnVlHba5.jpg
980489.0,https://image.tmdb.org/t/p/w300/51tqzRtKMMZEYUpSYkrUE7v9ehm.jpg
565770.0,https://image.tmdb.org/t/p/w300/mXLOHHc1Zeuwsl4xYKjKh2280oL.jpg
774548.0,https://image.tmdb.org/t/p/w300/pnqJLYhdZ6NHPe4I3EwicS52GG0.jpg
9381.0,https://image.tmdb.org/t/p/w300/kt9nqD0uOar8IVE9191HXhWOXKI.jpg
615656.0,https://image.tmdb.org/t/p/w300/4m1Au3YkjqsxF8iwQy0fPYSxE0h.jpg
800158.0,https://image.tmdb.org/t/p/w300/ipkcgvN7h3yZnbYowthloHLKsf4.jpg
1178734.0,https://image.tmdb.org/t/p/w300/3mQ8tK7xpx95nq0RslW91RPbB5Y.jpg
893723.0,https://image.tmdb.org/t/p/w300/aTvePCU7exLepwg5hWySjwxojQK.jpg
807172.0,https://image.tmdb.org/t/p/w300/qVKirUdmoex8SdfUk8WDDWwrcCh.jpg
1000081.0,https://image.tmdb.org/t/p/w300/wrFg0Q1kqfOhxlRvb8Dle7WF58F.jpg
346698.0,https://image.tmdb.org/t/p/w300/iuFNMS8U5cb6xfzi51Dbkovj7vM.jpg
150540.0,https://image.tmdb.org/t/p/w300/2H1TmgdfNtsKlU9jKdeNyYL5y8T.jpg
614930.0,https://image.tmdb.org/t/p/w300/ueO9MYIOHO7M1PiMUeX74uf8fB9.jpg
986210.0,https://image.tmdb.org/t/p/w300/lVoJVFyAyEPfxYnbp3Tem5FXipe.jpg
820525.0,https://image.tmdb.org/t/p/w300/uQxjZGU6rxSPSMeAJPJQlmfV3ys.jpg
976573.0,https://image.tmdb.org/t/p/w300/4Y1WNkd88JXmGfhtWR7dmDAo1T2.jpg
554600.0,https://image.tmdb.org/t/p/w300/yNySAgpAnWmPpYinim9E0tUzJWG.jpg
926680.0,https://image.tmdb.org/t/p/w300/if4ri8tSSLPoqCWW2XypnYRO0Dy.jpg
667538.0,https://image.tmdb.org/t/p/w300/gPbM0MK8CP8A174rmUwGsADNYKD.jpg
830764.0,https://image.tmdb.org/t/p/w300/yqnNLn24shYnZ6kqGpbwuB3NJ0D.jpg
76617.0,https://image.tmdb.org/t/p/w300/dwIQ7WDCSiIcNdbferTcU7uI0KV.jpg
670292.0,https://image.tmdb.org/t/p/w300/vBZ0qvaRxqEhZwl6LWmruJqWE8Z.jpg
997391.0,https://image.tmdb.org/t/p/w300/y6QRQ0bHGt9Wc1BBTZsa1iB2PAm.jpg
569094.0,https://image.tmdb.org/t/p/w300/8Vt6mWEReuy4Of61Lnj5Xj704m8.jpg
502356.0,https://image.tmdb.org/t/p/w300/qNBAXBIQlnOThrVvA6mA2B5ggV6.jpg
459003.0,https://image.tmdb.org/t/p/w300/bC2fdgdYD10PmvFxnxU4g3jFI8p.jpg
545742.0,https://image.tmdb.org/t/p/w300/iACNoplLU4W3gP2384nAcEmf5uE.jpg
811634.0,https://image.tmdb.org/t/p/w300/67YXOoKGODyGvJXfXzVmgHNXYh8.jpg
695721.0,https://image.tmdb.org/t/p/w300/mBaXZ95R2OxueZhvQbcEWy2DqyO.jpg
55241.0,https://image.tmdb.org/t/p/w300/aVzlVwal128Q3mtGOBOC9W2XYcH.jpg
603692.0,https://image.tmdb.org/t/p/w300/vZloFAK7NmvMGKE7VkF5UHaz0I.jpg
1151534.0,https://image.tmdb.org/t/p/w300/uldNFFKNXNvwss0MIZErMSFkBJZ.jpg
870518.0,https://image.tmdb.org/t/p/w300/yGQAZupyZgT2ESbBSMZ9R0OBToo.jpg
1008042.0,https://image.tmdb.org/t/p/w300/kdPMUMJzyYAc4roD52qavX0nLIC.jpg
1007427.0,https://image.tmdb.org/t/p/w300/gRWWO0dqCRG6K8ZtRNVf8xrb1Ng.jpg
298618.0,https://image.tmdb.org/t/p/w300/rktDFPbfHfUbArZ6OOOKsXcv0Bm.jpg
492008.0,https://image.tmdb.org/t/p/w300/r08U3dwiOeStXcjYmfnRyumgKyq.jpg
804755.0,https://image.tmdb.org/t/p/w300/jDskIhzLfZc8SB4ybkcWOgmI98M.jpg
1116598.0,https://image.tmdb.org/t/p/w300/wxMTKNYUla6VHkvOea4c14xj2r4.jpg
901362.0,https://image.tmdb.org/t/p/w300/bkpPTZUdq31UGDovmszsg2CchiI.jpg
335977.0,https://image.tmdb.org/t/p/w300/Af4bXE63pVsb2FtbW8uYIyPBadD.jpg
76600.0,https://image.tmdb.org/t/p/w300/t6HIqrRAclMCA60NsSmeqe9RmNV.jpg
1010581.0,https://image.tmdb.org/t/p/w300/w46Vw536HwNnEzOa7J24YH9DPRS.jpg
118249.0,https://image.tmdb.org/t/p/w300/mPQei2YUIY0Ljd3O5Wy7LDuvC8S.jpg
744857.0,https://image.tmdb.org/t/p/w300/2gimJ06p9tVR4P6jacZWcLcNEwA.jpg
1034062.0,https://image.tmdb.org/t/p/w300/1eKWqTHp4OgKdx1QX1O9LxKHr1M.jpg
1172009.0,https://image.tmdb.org/t/p/w300/kn28W24slBLyGr8ZIZnxNE5YZrY.jpg
634649.0,https://image.tmdb.org/t/p/w300/5weKu49pzJCt06OPpjvT80efnQj.jpg
751237.0,https://image.tmdb.org/t/p/w300/moLnqJmZ00i2opS0bzCVcaGC0iI.jpg
937249.0,https://image.tmdb.org/t/p/w300/dfS5qHWFuXyZQnwYREwb7N4qU5p.jpg
833326.0,https://image.tmdb.org/t/p/w300/wLZ5jijVpOxHuBLmsICKLXwlldu.jpg
1039690.0,https://image.tmdb.org/t/p/w300/tPyj6Gii1HrnzCbJXEF7JdSFkQ8.jpg
1156255.0,https://image.tmdb.org/t/p/w300/t2WBlN3YCzieAezM3n3Oh20Ue2s.jpg
447365.0,https://image.tmdb.org/t/p/w300/r2J02Z2OpNTctfOSN1Ydgii51I3.jpg
315162.0,https://image.tmdb.org/t/p/w300/kuf6dutpsT0vSVehic3EZIqkOBt.jpg
1076364.0,https://image.tmdb.org/t/p/w300/wakoF2UgsEE3fGs5KpuwMWsaNr2.jpg
1058694.0,https://image.tmdb.org/t/p/w300/eSatbygYZp8ooprBHZdb6GFZxGB.jpg
814776.0,https://image.tmdb.org/t/p/w300/jeyTQrNEpyE1LZIgVlswYh3sc34.jpg
899445.0,https://image.tmdb.org/t/p/w300/ruujFw7J0Nd3BSjbN3QODym82Qs.jpg
354912.0,https://image.tmdb.org/t/p/w300/gGEsBPAijhVUFoiNpgZXqRVWJt2.jpg
1171541.0,https://image.tmdb.org/t/p/w300/a9bt9byTQ1MIfRWYQX240HiYPrl.jpg
447277.0,https://image.tmdb.org/t/p/w300/ym1dxyOk4jFcSl4Q2zmRrA5BEEN.jpg
761851.0,https://image.tmdb.org/t/p/w300/e85UDGmD9HmKcS0BOgoha029bkK.jpg
759584.0,https://image.tmdb.org/t/p/w300/iVVvlosgMU6aePXavihV3L3V3D6.jpg
584004.0,https://image.tmdb.org/t/p/w300/iCPm0mfcOdpLgtfFFkWoq62ko0i.jpg
635910.0,https://image.tmdb.org/t/p/w300/nrtbv6Cew7qC7k9GsYSf5uSmuKh.jpg
466420.0,https://image.tmdb.org/t/p/w300/dB6Krk806zeqd0YNp2ngQ9zXteH.jpg
299536.0,https://image.tmdb.org/t/p/w300/7WsyChQLEftFiDOVTGkv3hFpyyt.jpg
961268.0,https://image.tmdb.org/t/p/w300/oE7xtGDqZnr7tFHfwb8oM9iRW6H.jpg
1077600.0,https://image.tmdb.org/t/p/w300/3oal7Yw2ZiwBOYLbIjh3M8ZNS85.jpg
945729.0,https://image.tmdb.org/t/p/w300/1Xgjl22MkAZQUavvOeBqRehrvqO.jpg
1010928.0,https://image.tmdb.org/t/p/w300/atatNvrn7kBvkARD2YodyYkKicr.jpg
792293.0,https://image.tmdb.org/t/p/w300/bqs4TeKFbfkcbQbuGAuKYu82tnp.jpg
717930.0,https://image.tmdb.org/t/p/w300/lCanGgsqF4xD2WA5NF8PWeT3IXd.jpg
8920.0,https://image.tmdb.org/t/p/w300/1mcFJ0cNynZfZYmo2QUA2LwdTQ2.jpg
156022.0,https://image.tmdb.org/t/p/w300/9u4yW7yPA0BQ2pv9XwiNzItwvp8.jpg
854867.0,https://image.tmdb.org/t/p/w300/9LgJkgmWbhD6bfzo4LvjEWEIlCe.jpg
536437.0,https://image.tmdb.org/t/p/w300/3IhGkkalwXguTlceGSl8XUJZOVI.jpg
1040148.0,https://image.tmdb.org/t/p/w300/8ChIb3WzYAcza1vrXR56v510MWk.jpg
493529.0,https://image.tmdb.org/t/p/w300/A7AoNT06aRAc4SV89Dwxj3EYAgC.jpg
568124.0,https://image.tmdb.org/t/p/w300/4j0PNHkMr5ax3IA8tjtxcmPU3QT.jpg
850880.0,https://image.tmdb.org/t/p/w300/2mQd4twCtANzQGlPNJ7aKued7a4.jpg
732684.0,https://image.tmdb.org/t/p/w300/lc0KueWbDDwIsg76JnPohA7jday.jpg
724209.0,https://image.tmdb.org/t/p/w300/vB8o2p4ETnrfiWEgVxHmHWP9yRl.jpg
335984.0,https://image.tmdb.org/t/p/w300/gajva2L0rPYkEWjzgFlBXCAVBE5.jpg
626332.0,https://image.tmdb.org/t/p/w300/a7KyFMPXj0iY4EoLq1PIGU1WJPw.jpg
884605.0,https://image.tmdb.org/t/p/w300/gD72DhJ7NbfxvtxGiAzLaa0xaoj.jpg
671.0,https://image.tmdb.org/t/p/w300/wuMc08IPKEatf9rnMNXvIDxqP4W.jpg
915403.0,https://image.tmdb.org/t/p/w300/ho8pgPRrVUiBtEspEcjgzZcxwpL.jpg
640146.0,https://image.tmdb.org/t/p/w300/qnqGbB22YJ7dSs4o6M7exTpNxPz.jpg
852436.0,https://image.tmdb.org/t/p/w300/lNqSlpZAti3qdcxnquek7cNd3uF.jpg
1067820.0,https://image.tmdb.org/t/p/w300/nXj3iwqUTnVWR95KCkjGT6hle0J.jpg
842675.0,https://image.tmdb.org/t/p/w300/hr7SKKj6QpfS32dF0HCmVi6R7J4.jpg
994143.0,https://image.tmdb.org/t/p/w300/o942912KFh89SGhqWuKXuT0SXzN.jpg
436270.0,https://image.tmdb.org/t/p/w300/pFlaoHTZeyNkG83vxsAJiGzfSsa.jpg
131631.0,https://image.tmdb.org/t/p/w300/4FAA18ZIja70d1Tu5hr5cj2q1sB.jpg
912908.0,https://image.tmdb.org/t/p/w300/muDaKftykz9Nj1mhRheMdbuNI9Z.jpg
818511.0,https://image.tmdb.org/t/p/w300/6yx14lSACNJ2zRoYyXqecf3QNgr.jpg
723393.0,https://image.tmdb.org/t/p/w300/eE7EuBQeBHCTs3LWB1fQ8vllEkk.jpg
505642.0,https://image.tmdb.org/t/p/w300/sv1xJUazXeYqALzczSZ3O6nkH75.jpg
1139087.0,https://image.tmdb.org/t/p/w300/hr8ZtwdbtjBquxlTCrczr685K5T.jpg
157336.0,https://image.tmdb.org/t/p/w300/gEU2QniE6E77NI6lCU6MxlNBvIx.jpg
734253.0,https://image.tmdb.org/t/p/w300/1H2xEZOixs0z0JKwyjANZiKNNVJ.jpg
900667.0,https://image.tmdb.org/t/p/w300/ogDXuVkO92GcETZfSofXXemw7gb.jpg
986070.0,https://image.tmdb.org/t/p/w300/3LShl6EwqptKIVq6NWOZ0FbZHEe.jpg
840326.0,https://image.tmdb.org/t/p/w300/ygO9lowFMXWymATCrhoQXd6gCEh.jpg
963746.0,https://image.tmdb.org/t/p/w300/zMOzJJJw9Z3ezWTjQixc0tRJ6Gm.jpg
697843.0,https://image.tmdb.org/t/p/w300/7gKI9hpEMcZUQpNgKrkDzJpbnNS.jpg
299534.0,https://image.tmdb.org/t/p/w300/or06FN3Dka5tukK1e9sl16pB3iy.jpg
1076487.0,https://image.tmdb.org/t/p/w300/jP2ik17jvKiV5sGEknMFbZv7WAe.jpg
677179.0,https://image.tmdb.org/t/p/w300/cvsXj3I9Q2iyyIo95AecSd1tad7.jpg
958006.0,https://image.tmdb.org/t/p/w300/qKpdy7N6zX05eisopvvviiTwPxb.jpg
455476.0,https://image.tmdb.org/t/p/w300/qW4crfED8mpNDadSmMdi7ZDzhXF.jpg
594767.0,https://image.tmdb.org/t/p/w300/A3ZbZsmsvNGdprRi2lKgGEeVLEH.jpg
672.0,https://image.tmdb.org/t/p/w300/sdEOH0992YZ0QSxgXNIGLq1ToUi.jpg
411.0,https://image.tmdb.org/t/p/w300/iREd0rNCjYdf5Ar0vfaW32yrkm.jpg
957992.0,https://image.tmdb.org/t/p/w300/ronrzgFs2FOk0R4BAZgyLaYdhua.jpg
1190012.0,https://image.tmdb.org/t/p/w300/18IsRVfs5MkkTcqTGlUAnka6sCh.jpg
934433.0,https://image.tmdb.org/t/p/w300/wDWwtvkRRlgTiUr6TyLSMX8FCuZ.jpg
414906.0,https://image.tmdb.org/t/p/w300/74xTEgt7R36Fpooo50r9T25onhq.jpg
508947.0,https://image.tmdb.org/t/p/w300/qsdjk9oAKSQMWs0Vt5Pyfh6O4GZ.jpg
138544.0,https://image.tmdb.org/t/p/w300/sZzJwqbrfKvGXTIhXGDwlJUEtM5.jpg
1166714.0,https://image.tmdb.org/t/p/w300/5Gz3k1TqeAxL5M47XZzjltxQrMb.jpg
675353.0,https://image.tmdb.org/t/p/w300/6DrHO1jr3qVrViUO6s6kFiAGM7.jpg
787761.0,https://image.tmdb.org/t/p/w300/laOpPREcTlDukttovlUGJ3Wmtb6.jpg
674.0,https://image.tmdb.org/t/p/w300/fECBtHlr0RB3foNHDiCBXeg9Bv9.jpg
537915.0,https://image.tmdb.org/t/p/w300/u3B2YKUjWABcxXZ6Nm9h10hLUbh.jpg
1083862.0,https://image.tmdb.org/t/p/w300/qayga07ICNDswm0cMJ8P3VwklFZ.jpg
361743.0,https://image.tmdb.org/t/p/w300/62HCnUTziyWcpDaBO2i1DX17ljH.jpg
882569.0,https://image.tmdb.org/t/p/w300/kVG8zFFYrpyYLoHChuEeOGAd6Ru.jpg
1049951.0,https://image.tmdb.org/t/p/w300/xveBJmViwHdgjH3UQQmImkHOW7B.jpg
453395.0,https://image.tmdb.org/t/p/w300/fwBl3J2aEXru6mrr9Xg8O99Iz2K.jpg
355338.0,https://image.tmdb.org/t/p/w300/cGLwfmLqg39822RFQMUDat0UJev.jpg
673.0,https://image.tmdb.org/t/p/w300/aWxwnYoe8p2d2fcxOqtvAtJ72Rw.jpg
24428.0,https://image.tmdb.org/t/p/w300/RYMX2wcKCBAr24UyPD7xwmjaTn.jpg
616037.0,https://image.tmdb.org/t/p/w300/pIkRyD18kl4FhoCNQuWxWu5cBLM.jpg
12445.0,https://image.tmdb.org/t/p/w300/c54HpQmuwXjHq2C9wmoACjxoom3.jpg
2062.0,https://image.tmdb.org/t/p/w300/t3vaWRPSf6WjDSamIkKDs1iQWna.jpg
954388.0,https://image.tmdb.org/t/p/w300/cVLfO3CbVg8p5Qcaifq6AidOe2w.jpg
557946.0,https://image.tmdb.org/t/p/w300/ud0XdA2xAghDR66j3I84DnNlC2g.jpg
1002338.0,https://image.tmdb.org/t/p/w300/j2Or0w69bpPXrmkE0hpTzw6hzsr.jpg
800089.0,https://image.tmdb.org/t/p/w300/3IY1n6UQnjNImEToEDTW924EUAo.jpg
1061634.0,https://image.tmdb.org/t/p/w300/14SsotUuzTYKmPRxvIoFgHzwegf.jpg
1157049.0,https://image.tmdb.org/t/p/w300/rBeAZ1YiwVQSdeiHCWzGtJhKvbV.jpg
14836.0,https://image.tmdb.org/t/p/w300/4jeFXQYytChdZYE9JYO7Un87IlW.jpg
744276.0,https://image.tmdb.org/t/p/w300/moogpu8rNkEjTgFyLXwhPghft5w.jpg
1161048.0,https://image.tmdb.org/t/p/w300/uLH5rUkRNwAUt6YqR86f8ewXZEY.jpg
1064024.0,https://image.tmdb.org/t/p/w300/blQaj6biyBMLo34cuFKKwbgjIBz.jpg
77338.0,https://image.tmdb.org/t/p/w300/1QU7HKgsQbGpzsJbJK4pAVQV9F5.jpg
614479.0,https://image.tmdb.org/t/p/w300/d07phJqCx6z5wILDYqkyraorDPi.jpg
841742.0,https://image.tmdb.org/t/p/w300/8HKjrjwTjvDscC9uZNk6dCRHcfd.jpg
254128.0,https://image.tmdb.org/t/p/w300/2Gfjn962aaFSD6eST6QU3oLDZTo.jpg
507086.0,https://image.tmdb.org/t/p/w300/kAVRgw7GgK1CfYEJq8ME6EvRIgU.jpg
715385.0,https://image.tmdb.org/t/p/w300/mYPMkz0b71qgqVIWdl1sbdewGGm.jpg
753342.0,https://image.tmdb.org/t/p/w300/jE5o7y9K6pZtWNNMEw3IdpHuncR.jpg
1039960.0,https://image.tmdb.org/t/p/w300/mClrCMfGpOqTSiuCTSK67WZ92x5.jpg
1047041.0,https://image.tmdb.org/t/p/w300/ksQ8uNgoWsVH6a0oPB6zx08pOwU.jpg
744275.0,https://image.tmdb.org/t/p/w300/dU4HfnTEJDf9KvxGS9hgO7BVeju.jpg
1006462.0,https://image.tmdb.org/t/p/w300/mvjqqklMpHwOxc40rn7dMhGT0Fc.jpg
337167.0,https://image.tmdb.org/t/p/w300/9ZedQHPQVveaIYmDSTazhT3y273.jpg
808.0,https://image.tmdb.org/t/p/w300/dyhaB19AICF7TO7CK2aD6KfymnQ.jpg
216015.0,https://image.tmdb.org/t/p/w300/63kGofUkt1Mx0SIL4XI4Z5AoSgt.jpg
8871.0,https://image.tmdb.org/t/p/w300/AmUs3hximCKa90sHuIRr5Bz8ci5.jpg
238.0,https://image.tmdb.org/t/p/w300/3bhkrj58Vtu7enYsRolD1fZdja1.jpg
884315.0,https://image.tmdb.org/t/p/w300/rPWaktPt50BwkYHmYM62sDrdnjR.jpg
868759.0,https://image.tmdb.org/t/p/w300/liLN69YgoovHVgmlHJ876PKi5Yi.jpg
572802.0,https://image.tmdb.org/t/p/w300/8xV47NDrjdZDpkVcCFqkdHa3T0C.jpg
942881.0,https://image.tmdb.org/t/p/w300/cPV2etoFUkgQLWqKduWxXAeP4Oe.jpg
990140.0,https://image.tmdb.org/t/p/w300/jGKCpt3zzbGZbgoza6HCvecqElM.jpg
720557.0,https://image.tmdb.org/t/p/w300/7wgED7Yx9VLcNWSO91VgwicHmMD.jpg
27205.0,https://image.tmdb.org/t/p/w300/oYuLEt3zVCKq57qu2F8dT7NIa6f.jpg
713704.0,https://image.tmdb.org/t/p/w300/5ik4ATKmNtmJU6AYD0bLm56BCVM.jpg
128655.0,https://image.tmdb.org/t/p/w300/vvBldMlCmq7WDI6eoWIHSAe1JfE.jpg
767.0,https://image.tmdb.org/t/p/w300/z7uo9zmQdQwU5ZJHFpv2Upl30i1.jpg
11688.0,https://image.tmdb.org/t/p/w300/wwbgkXQBEKtnyIJapk6gUgWkVw8.jpg
562971.0,https://image.tmdb.org/t/p/w300/4VB40qRUPOl1etiZ6lrvQDGyYdG.jpg
597845.0,https://image.tmdb.org/t/p/w300/gmZGAbI42ecAoixyvZI0Se4Qiau.jpg
585511.0,https://image.tmdb.org/t/p/w300/1HOYvwGFioUFL58UVvDRG6beEDm.jpg
637649.0,https://image.tmdb.org/t/p/w300/M7SUK85sKjaStg4TKhlAVyGlz3.jpg
820609.0,https://image.tmdb.org/t/p/w300/ehGIDAMaYy6Eg0o8ga0oqflDjqW.jpg
1022796.0,https://image.tmdb.org/t/p/w300/AcoVfiv1rrWOmAdpnAMnM56ki19.jpg
299537.0,https://image.tmdb.org/t/p/w300/AtsgWhDnHTq68L0lLsUrCnM7TjG.jpg
104125.0,https://image.tmdb.org/t/p/w300/gwWckWODY3L17H3ssuUX9YzVDxw.jpg
675.0,https://image.tmdb.org/t/p/w300/5aOyriWkPec0zUDxmHFP9qMmBaj.jpg
1024773.0,https://image.tmdb.org/t/p/w300/73gIfV8gDwkVgUrFDzt4TfZC9Zc.jpg
979275.0,https://image.tmdb.org/t/p/w300/mcz8oi9oCgq1wkA3Wz2kluE94pE.jpg
597.0,https://image.tmdb.org/t/p/w300/9xjZS2rlVxm8SFx8kPC3aIGCOYQ.jpg
457332.0,https://image.tmdb.org/t/p/w300/zsbolOkw8RhTU4DKOrpf4M7KCmi.jpg
829557.0,https://image.tmdb.org/t/p/w300/7qU0SOVcQ8BTJLodcAlulUAG16C.jpg
810693.0,https://image.tmdb.org/t/p/w300/23oJaeBh0FDk2mQ2P240PU9Xxfh.jpg
438148.0,https://image.tmdb.org/t/p/w300/wKiOkZTN9lUUUNZLmtnwubZYONg.jpg
585.0,https://image.tmdb.org/t/p/w300/wFSpyMsp7H0ttERbxY7Trlv8xry.jpg
345887.0,https://image.tmdb.org/t/p/w300/cQvc9N6JiMVKqol3wcYrGshsIdZ.jpg
758323.0,https://image.tmdb.org/t/p/w300/jFC4LS5qTAT3PinzdEzINfu1CV9.jpg
550988.0,https://image.tmdb.org/t/p/w300/xmbU4JTUm8rsdtn7Y3Fcm30GpeT.jpg
985939.0,https://image.tmdb.org/t/p/w300/v28T5F1IygM8vXWZIycfNEm3xcL.jpg
410119.0,https://image.tmdb.org/t/p/w300/mrV7CcjEtuXtXjykopDUiIgIQru.jpg
1003581.0,https://image.tmdb.org/t/p/w300/pHdSS5G3wDwJp6jWgMpbSjNiTbr.jpg
496450.0,https://image.tmdb.org/t/p/w300/dQNJ8SdCMn3zWwHzzQD2xrphR1X.jpg
628707.0,https://image.tmdb.org/t/p/w300/k1Ft0smy9XjyMq1HKm9JdRDe4ls.jpg
289559.0,https://image.tmdb.org/t/p/w300/jgvatdEB8OvXx9gn8ZYxaJ66Wlq.jpg
862552.0,https://image.tmdb.org/t/p/w300/1VtHaELqLMovl8EueBWHDtihhzF.jpg
875279.0,https://image.tmdb.org/t/p/w300/oi3KZaxsQsMnbv7du1cJz7lpw4r.jpg
554917.0,https://image.tmdb.org/t/p/w300/qR1Yf8e8EkmGwO0txvecCyw0PD.jpg
843846.0,https://image.tmdb.org/t/p/w300/2KdkRsYuzYPlJMLrV39gdjY3WkS.jpg
257117.0,https://image.tmdb.org/t/p/w300/qQZkm86UV5qiRPbcWQOPN6iF6HN.jpg
616747.0,https://image.tmdb.org/t/p/w300/8Im6DknDVxRiGXc5t8rVOJyzuNx.jpg
1154598.0,https://image.tmdb.org/t/p/w300/rDzig50dj7VpLwJ7SThbamETK1G.jpg
22.0,https://image.tmdb.org/t/p/w300/z8onk7LV9Mmw6zKz4hT6pzzvmvl.jpg
585083.0,https://image.tmdb.org/t/p/w300/teCy1egGQa0y8ULJvlrDHQKnxBL.jpg
19995.0,https://image.tmdb.org/t/p/w300/kyeqWdyUXW608qlYkRqosgbbJyK.jpg
296096.0,https://image.tmdb.org/t/p/w300/Ia3dzj5LnCj1ZBdlVeJrbKJQxG.jpg
122917.0,https://image.tmdb.org/t/p/w300/xT98tLqatZPQApyRmlPL12LtiWp.jpg
120.0,https://image.tmdb.org/t/p/w300/6oom5QYQ2yQTMJIbnvbkBL9cHo6.jpg
173185.0,https://image.tmdb.org/t/p/w300/33q9xUJhpi5JUWr1uSUyUvctR7p.jpg
763165.0,https://image.tmdb.org/t/p/w300/9ssNSfNKpzZwhbFsnW3wa82m2sG.jpg
744738.0,https://image.tmdb.org/t/p/w300/hBLJzYriF9zZAHc2Gjb3KTQGTGT.jpg
nan,https://image.tmdb.org/t/p/w300/a7CbxY3TMwFKX6awlBxhb7Es6tS.jpg
820880.0,https://image.tmdb.org/t/p/w300/n0tXekc9HOwju6meGAWBrEO84zQ.jpg
9513.0,https://image.tmdb.org/t/p/w300/osfMaHucgLtHtsMa6TQLTooE3G7.jpg
227719.0,https://image.tmdb.org/t/p/w300/r59tzuqi6AoxRKdPHzg3ZBke7aA.jpg
103.0,https://image.tmdb.org/t/p/w300/ekstpH614fwDX8DUln1a2Opz0N8.jpg
126963.0,https://image.tmdb.org/t/p/w300/nxZEdYcHMuD8SSuwusDnK9CD2H1.jpg
1019105.0,https://image.tmdb.org/t/p/w300/y9LjwvEZDFWojjyKXdHb20A6526.jpg
286217.0,https://image.tmdb.org/t/p/w300/5BHuvQ6p9kfc091Z8RiFNhCwL4b.jpg
943822.0,https://image.tmdb.org/t/p/w300/x3PIk93PTbxT88ohfeb26L1VpZw.jpg
4258.0,https://image.tmdb.org/t/p/w300/vBqLLxE6GaAPhO6v9EFvFbLZ7Ap.jpg
44251.0,https://image.tmdb.org/t/p/w300/wb2iJasdjB3EOhScAGe1yPzpRsv.jpg
252.0,https://image.tmdb.org/t/p/w300/vmpsZkrs4Uvkp9r1atL8B3frA63.jpg
281957.0,https://image.tmdb.org/t/p/w300/ji3ecJphATlVgWNY0B0RVXZizdf.jpg
231001.0,https://image.tmdb.org/t/p/w300/bSe8CBqK8HkbP6sqZWzcJfQV9Ci.jpg
240832.0,https://image.tmdb.org/t/p/w300/dhjyfcwEoW6jJ4Q7DpZTp6E58GA.jpg
194662.0,https://image.tmdb.org/t/p/w300/rHUg2AuIuLSIYMYFgavVwqt1jtc.jpg
760161.0,https://image.tmdb.org/t/p/w300/pHkKbIRoCe7zIFvqan9LFSaQAde.jpg
998731.0,https://image.tmdb.org/t/p/w300/xjZjNaUVF9mX7ekOL3lvBUi72eQ.jpg
10567.0,https://image.tmdb.org/t/p/w300/rSje3FS7ycJSglowlngjsvDt7vO.jpg
347201.0,https://image.tmdb.org/t/p/w300/1k6iwC4KaPvTBt1JuaqXy3noZRY.jpg
181812.0,https://image.tmdb.org/t/p/w300/db32LaOibwEliAmSL2jjDF6oDdj.jpg
80321.0,https://image.tmdb.org/t/p/w300/ekraj4ksvIKeuvQVEevEJkuybZd.jpg
762504.0,https://image.tmdb.org/t/p/w300/AcKVlWaNVVVFQwro3nLXqPljcYA.jpg
534.0,https://image.tmdb.org/t/p/w300/gw6JhlekZgtKUFlDTezq3j5JEPK.jpg
796185.0,https://image.tmdb.org/t/p/w300/hfExJPcbBtDeFDEb7I1By72Drlr.jpg
725201.0,https://image.tmdb.org/t/p/w300/5Eom3JsXgQlCj6QIsGCwXkX7wyH.jpg
830784.0,https://image.tmdb.org/t/p/w300/irIS5Tn3TXjNi1R9BpWvGAN4CZ1.jpg
500104.0,https://image.tmdb.org/t/p/w300/nqZx3FONbencjbjImxjJTCBn9Fw.jpg
1006947.0,https://image.tmdb.org/t/p/w300/tl3vIpRNKaWyMJiLxkpdT9Q2EWm.jpg
1250.0,https://image.tmdb.org/t/p/w300/8LaVQiXBsnlo7MXCPK1nXTVARUZ.jpg
404378.0,https://image.tmdb.org/t/p/w300/nBYG0D2FcbL1m926sIj7RN4m0sb.jpg
338958.0,https://image.tmdb.org/t/p/w300/uyNLq2Dc3s4IOdcYTU8ZtM2lTjb.jpg
1572.0,https://image.tmdb.org/t/p/w300/buqmCdFQEWwEpL3agGgg2GVjN2d.jpg
420817.0,https://image.tmdb.org/t/p/w300/ykUEbfpkf8d0w49pHh0AD2KrT52.jpg
839369.0,https://image.tmdb.org/t/p/w300/yibtHDMO70RueiEmtrcJeTiiHFo.jpg
9792.0,https://image.tmdb.org/t/p/w300/53x6ZGyYLgYwa5VQRdSqvVYwrl9.jpg
756999.0,https://image.tmdb.org/t/p/w300/lr11mCT85T1JanlgjMuhs9nMht4.jpg
317442.0,https://image.tmdb.org/t/p/w300/bAQ8O5Uw6FedtlCbJTutenzPVKd.jpg
77988.0,https://image.tmdb.org/t/p/w300/8j62j92VWZg1K1JQ46DFPKLG4wG.jpg
755812.0,https://image.tmdb.org/t/p/w300/9YbyvcrHmY2SVbdfXpb8mC4Fy0g.jpg
649609.0,https://image.tmdb.org/t/p/w300/jG83l0tDwoQj3hBAioIsJ5rTPHw.jpg
287947.0,https://image.tmdb.org/t/p/w300/xnopI5Xtky18MPhK40cZAGAOVeV.jpg
10895.0,https://image.tmdb.org/t/p/w300/bnZJrLRnoQHpzEJdka1KYfsAF3N.jpg
447332.0,https://image.tmdb.org/t/p/w300/nAU74GmpUk7t5iklEp3bufwDq4n.jpg
10661.0,https://image.tmdb.org/t/p/w300/gBhLQmpCPoKFMCGsulMbIFzrBID.jpg
508943.0,https://image.tmdb.org/t/p/w300/8tABCBpzu3mZbzMB3sRzMEHEvJi.jpg
974931.0,https://image.tmdb.org/t/p/w300/52YBwGJ3cJs54fpBzwnT1lnqgTo.jpg
445651.0,https://image.tmdb.org/t/p/w300/3oobSYJ3Mv0hohKU5GBHarU3ZHG.jpg
9502.0,https://image.tmdb.org/t/p/w300/wWt4JYXTg5Wr3xBW2phBrMKgp3x.jpg
1930.0,https://image.tmdb.org/t/p/w300/jIfkQNARYyERqRAq1p1c8xgePp4.jpg
502345.0,https://image.tmdb.org/t/p/w300/1tcLXVaXFG9OObnCN3a5KrymrQG.jpg
1036561.0,https://image.tmdb.org/t/p/w300/67ZsRKbItt6B1yHlsJKgfPWOyuJ.jpg
373571.0,https://image.tmdb.org/t/p/w300/fQ40gmFM4p03tXwMxQQKh2cCBW4.jpg
341174.0,https://image.tmdb.org/t/p/w300/7CBO9GhsUeMSsWQb47WTPZnKjdj.jpg
406759.0,https://image.tmdb.org/t/p/w300/odVv1sqVs0KxBXiA8bhIBlPgalx.jpg
384018.0,https://image.tmdb.org/t/p/w300/qRyy2UmjC5ur9bDi3kpNNRCc5nc.jpg
893712.0,https://image.tmdb.org/t/p/w300/2lEyzOq6ILNgBpLLpTRckQhbNNt.jpg
106.0,https://image.tmdb.org/t/p/w300/vQhYhYsOBECkQzvSC3jInKv9CLf.jpg
420818.0,https://image.tmdb.org/t/p/w300/dzBtMocZuJbjLOXvrl4zGYigDzh.jpg
111.0,https://image.tmdb.org/t/p/w300/iQ5ztdjvteGeboxtmRdXEChJOHh.jpg
841755.0,https://image.tmdb.org/t/p/w300/ablrE8IbWcIrAxMmm4gnPn75AMS.jpg
1071215.0,https://image.tmdb.org/t/p/w300/f5f3TEVst1nHHyqgn7Z3tlwnBIH.jpg
663.0,https://image.tmdb.org/t/p/w300/ku1QdCXOU4ckz3zxLLlis8MIJVm.jpg
98566.0,https://image.tmdb.org/t/p/w300/azL2ThbJMIkts3ZMt3j1YgBUeDB.jpg
559.0,https://image.tmdb.org/t/p/w300/qFmwhVUoUSXjkKRmca5yGDEXBIj.jpg
787699.0,https://image.tmdb.org/t/p/w300/qhb1qOilapbapxWQn9jtRCMwXJF.jpg
543490.0,https://image.tmdb.org/t/p/w300/qpUjYgwJq1laBhU8y9owC6aLu69.jpg
820232.0,https://image.tmdb.org/t/p/w300/vJUDoYNNKvBqbEPUskgvzPXGEFz.jpg
550.0,https://image.tmdb.org/t/p/w300/pB8BM7pdSp6B6Ih7QZ4DrQ3PmJK.jpg
370663.0,https://image.tmdb.org/t/p/w300/nTGbq37hYLuNy7YgMg0gVLma0NS.jpg
20678.0,https://image.tmdb.org/t/p/w300/9b1zje1Yp3kaJOn8pJqaQ1WLmoj.jpg
830721.0,https://image.tmdb.org/t/p/w300/5MOOL38IZTylA7K04FvJ4PaklaI.jpg
291015.0,https://image.tmdb.org/t/p/w300/j7edDmy8fSuBFZNJakJwlBoHBgE.jpg
433499.0,https://image.tmdb.org/t/p/w300/uhmNHWTVniHHYKTsWSvSir19K1z.jpg
98.0,https://image.tmdb.org/t/p/w300/ty8TGRuvJLPUmAR1H1nRIsgwvim.jpg
10674.0,https://image.tmdb.org/t/p/w300/5TYgKxYhnhRNNwqnRAKHkgfqi2G.jpg
126889.0,https://image.tmdb.org/t/p/w300/zecMELPbU5YMQpC81Z8ImaaXuf9.jpg
753091.0,https://image.tmdb.org/t/p/w300/ujdicM6CwaG60hi6e0Mi1Ga1zuk.jpg
315635.0,https://image.tmdb.org/t/p/w300/c24sv2weTHPsmDa7jEMN0m2P3RT.jpg
453.0,https://image.tmdb.org/t/p/w300/zwzWCmH72OSC9NA0ipoqw5Zjya8.jpg
1036347.0,https://image.tmdb.org/t/p/w300/fn0EHiPtbVJ0aH74rRVnWfq6p6h.jpg
346364.0,https://image.tmdb.org/t/p/w300/9E2y5Q7WlCVNEhP5GiVTjhEhx1o.jpg
955531.0,https://image.tmdb.org/t/p/w300/zfVdFJGGgHDM3RFZdTPhZqy1WEi.jpg
6479.0,https://image.tmdb.org/t/p/w300/iPDkaSdKk2jRLTM65UOEoKtsIZ8.jpg
1020394.0,https://image.tmdb.org/t/p/w300/kGclAzPJobEy7qg7LNuFI9grNoh.jpg
107406.0,https://image.tmdb.org/t/p/w300/gIEqumdBvEBGZXPvAAuPHu8Z8r2.jpg
790493.0,https://image.tmdb.org/t/p/w300/vd8YdaH7dzeIMGTNwQinlSiA1gV.jpg
138103.0,https://image.tmdb.org/t/p/w300/ruW3malZtlg66ODfg614dFbXO68.jpg
429617.0,https://image.tmdb.org/t/p/w300/4q2NNj4S5dG2RLF9CpXsej7yXl.jpg
114.0,https://image.tmdb.org/t/p/w300/hVHUfT801LQATGd26VPzhorIYza.jpg
915935.0,https://image.tmdb.org/t/p/w300/kQs6keheMwCxJxrzV83VUwFtHkB.jpg
624860.0,https://image.tmdb.org/t/p/w300/8c4a8kE7PizaGQQnditMmI1xbRp.jpg
1174725.0,https://image.tmdb.org/t/p/w300/tI9ybrWLiVLljLsNoqEjQF36oG4.jpg
106758.0,https://image.tmdb.org/t/p/w300/gGjgyHOigHcvWABh1vqfMi7dS8.jpg
4248.0,https://image.tmdb.org/t/p/w300/hvUXghZzt3pRuhefBLJ7bx5rmG3.jpg
246355.0,https://image.tmdb.org/t/p/w300/ys7zRSQOzPgOyiw46LeVbL4iTDR.jpg
10625.0,https://image.tmdb.org/t/p/w300/2ZkuQXvVhh45uSvkBej4S7Ix1NJ.jpg
532408.0,https://image.tmdb.org/t/p/w300/pYwZdnXVnVxAr7dx4MEK7tTK9gI.jpg
1031206.0,https://image.tmdb.org/t/p/w300/zKxK1rZ0y3k6SQfRotq0jLMzz2Q.jpg
975762.0,https://image.tmdb.org/t/p/w300/nGH4UVgexqBJDaNb2rUZyt9HPwD.jpg
875104.0,https://image.tmdb.org/t/p/w300/A7vhdyGrpPMKXsuFBZzxmave94F.jpg
370172.0,https://image.tmdb.org/t/p/w300/iUgygt3fscRoKWCV1d0C7FbM9TP.jpg
259693.0,https://image.tmdb.org/t/p/w300/zEqyD0SBt6HL7W9JQoWwtd5Do1T.jpg
1880.0,https://image.tmdb.org/t/p/w300/a2GkHcioc2QEFJbQk1NTB85u3vD.jpg
50619.0,https://image.tmdb.org/t/p/w300/qs8LsHKYlVRmJbFUiSUhhRAygwj.jpg
11224.0,https://image.tmdb.org/t/p/w300/4nssBcQUBadCTBjrAkX46mVEKts.jpg
nan,https://image.tmdb.org/t/p/w300/uJG214eRTyZy9IzHmh34XtzHNtU.jpg
1031920.0,https://image.tmdb.org/t/p/w300/AldmkBs4e6vudDisPwddotBF10h.jpg
1073956.0,https://image.tmdb.org/t/p/w300/6DgFaIEwvR2h6t1xCFs1CrhLe3g.jpg
571908.0,https://image.tmdb.org/t/p/w300/jJL8JtG9Psot7l6r79kM1XNdbOT.jpg
659708.0,https://image.tmdb.org/t/p/w300/o3JumEDlh0fGiAKpaWcP2dhe7YS.jpg
1180282.0,https://image.tmdb.org/t/p/w300/cIo8zG4YIJTVOnvw2EQc71KxBfv.jpg
974284.0,https://image.tmdb.org/t/p/w300/bntBbPGLyRKymvkWNOfnYP5VrrH.jpg
913001.0,https://image.tmdb.org/t/p/w300/v2aurKPfze5YBPeFIOJMgIxM61R.jpg
1015897.0,https://image.tmdb.org/t/p/w300/q9h3veLo89ZujixH9sSSghJt6hx.jpg
1198434.0,https://image.tmdb.org/t/p/w300/byvxyTrM1Y72Z8CP8c1Ue1yFyhb.jpg
1148207.0,https://image.tmdb.org/t/p/w300/8BmSVQh4fDiWL1hnZZmxknci466.jpg
1194782.0,https://image.tmdb.org/t/p/w300/YNEr9oQI1ujmQRRhpWUX0gguoh.jpg
1167898.0,https://image.tmdb.org/t/p/w300/lHrQ4arAA0ZOh2Xbol41tZVzlga.jpg
1168733.0,https://image.tmdb.org/t/p/w300/lraOowe1AQQof3Hr0hNBgbeLwh9.jpg
1203829.0,https://image.tmdb.org/t/p/w300/o86tOTr9Q1bxIObzHTtwUvbhTS3.jpg
1088482.0,https://image.tmdb.org/t/p/w300/zh1s9N5sWTX8V0sFGIQGCHolL6z.jpg
997795.0,https://image.tmdb.org/t/p/w300/4GgdA4GnSVPh2Kzn98mumYHtqfO.jpg
1096812.0,https://image.tmdb.org/t/p/w300/aaho6CeSmvP7C4sLq1POmeiaNzi.jpg
1125186.0,https://image.tmdb.org/t/p/w300/fatdXuqiETmOKAMjSHv4O0u8XKS.jpg
816026.0,https://image.tmdb.org/t/p/w300/bi8R5smFAM2IXMVRgirIRCIamW.jpg
1195472.0,https://image.tmdb.org/t/p/w300/nOPT71cAVIdHbqHUpdZRXS5u78H.jpg
1037243.0,https://image.tmdb.org/t/p/w300/ucVWfZqFYX1DeM8iQqaQP3eqHO2.jpg
894958.0,https://image.tmdb.org/t/p/w300/dCSkwJ6a6c2KpnPFpB25Vu7iaz4.jpg
1053725.0,https://image.tmdb.org/t/p/w300/KfaGpAZPK4RTqqCbw3yRaAt7ya.jpg
1181630.0,https://image.tmdb.org/t/p/w300/sgiQmjTiIhXYdsPShbh8Ig19roh.jpg
1076311.0,https://image.tmdb.org/t/p/w300/fIfno4naaq3eDggYtD9R9LFYtp8.jpg
1195475.0,https://image.tmdb.org/t/p/w300/xZG6ZyLVcPXURusbF57dcWps1wp.jpg
617212.0,https://image.tmdb.org/t/p/w300/r3bEU1Ge4whELCDi1JsniqSJriZ.jpg
1141178.0,https://image.tmdb.org/t/p/w300/n8798tEvkj6INi1we2o0wC1Jthy.jpg
1163924.0,https://image.tmdb.org/t/p/w300/pX7EPT5TOwro9khnfaM9lIwgQjV.jpg
1129314.0,https://image.tmdb.org/t/p/w300/vkI11qeJC8VF2VaWFWLPIvELuu9.jpg
1195488.0,https://image.tmdb.org/t/p/w300/wgmAqFNh0dFVdLby5TvCWkYaVK3.jpg
858878.0,https://image.tmdb.org/t/p/w300/1SCj1A6H09T2jJ0yndaIfjKC85R.jpg
643885.0,https://image.tmdb.org/t/p/w300/pmINnPplnGQeX1AZ7x3crnN8SGD.jpg
1000597.0,https://image.tmdb.org/t/p/w300/xCxcMQBQ9ugIw7kgmEsDqjf6kaL.jpg
940266.0,https://image.tmdb.org/t/p/w300/3PPphiqrMsJX6BWQB1BGAm5vvhf.jpg
1195487.0,https://image.tmdb.org/t/p/w300/AdYBA1gJD2hTQz0E7O4wUcfd1ZE.jpg
1195709.0,https://image.tmdb.org/t/p/w300/wk8GnfkIuddcilKMq27AtokMnbt.jpg
1105736.0,https://image.tmdb.org/t/p/w300/8PduYaILMsUxHhE74f4uAWC5DzO.jpg
1178811.0,https://image.tmdb.org/t/p/w300/5WAb43IVUkc7Ryuof2yj7zBiuK8.jpg
1039094.0,https://image.tmdb.org/t/p/w300/pEBOHP43lOwTFlywy26YQCLUQhr.jpg
1185021.0,https://image.tmdb.org/t/p/w300/xXNGVky43e3mlipRhFqRG274zlC.jpg
1018852.0,https://image.tmdb.org/t/p/w300/vp5qRPFYezL3WetMNK58QbZ8txL.jpg
1176128.0,https://image.tmdb.org/t/p/w300/pDRZgeTeefpled1CIRLxdXPgXcv.jpg
1155117.0,https://image.tmdb.org/t/p/w300/3exUyLxDTKqCIVAIwvE0ZUw2XMF.jpg
1182509.0,https://image.tmdb.org/t/p/w300/zjic4LYTWoQJc3YexeHk2dAA7oR.jpg
349108.0,https://image.tmdb.org/t/p/w300/o06Jv0wjYboiLFWb6PfhAn46NoZ.jpg
1114743.0,https://image.tmdb.org/t/p/w300/6gOO4ot0iJDCWbDaksGOmfqMJbd.jpg
1125611.0,https://image.tmdb.org/t/p/w300/tuGUa51fwVpNVPigRfFChJqM9Fk.jpg
1148237.0,https://image.tmdb.org/t/p/w300/hrD30HAzuniJwFWbUtX4YrLZqs9.jpg
1132394.0,https://image.tmdb.org/t/p/w300/iAs9OwMZe9s5KeAr9sL22S7yNGd.jpg
628045.0,https://image.tmdb.org/t/p/w300/kImNCcAbPXZVH5JxFgkbESmIxPo.jpg
1129782.0,https://image.tmdb.org/t/p/w300/3xvsgQX2YF3XkRscGmNwtFC4UXP.jpg
220846.0,https://image.tmdb.org/t/p/w300/1RAOpjEMtVG8FuHlYMZqmr9DnK5.jpg
1179316.0,https://image.tmdb.org/t/p/w300/Awob5EoAOA4Dd51b9bMeKT5yC8U.jpg
1138295.0,https://image.tmdb.org/t/p/w300/cAyaib01XHHGtPLoGvX7hBtnwmS.jpg
942385.0,https://image.tmdb.org/t/p/w300/aYLig8F0H6TkmNKVZLt2pWYDosK.jpg
1196569.0,https://image.tmdb.org/t/p/w300/bkIf0q4YH1BwZuqRVDhUYsOWFUn.jpg
1087799.0,https://image.tmdb.org/t/p/w300/b8pOuGUgEmGXjRDK4xvLGVVbpIp.jpg
1054276.0,https://image.tmdb.org/t/p/w300/uOMTZ7xvE3Th1LsUJjuMzHrd7g5.jpg
1104071.0,https://image.tmdb.org/t/p/w300/hERiiDwQqg6LQsrIbxI5YvROjic.jpg
1064299.0,https://image.tmdb.org/t/p/w300/7OhspipgLnsSSdIKQ4L72e2PDd3.jpg
931555.0,https://image.tmdb.org/t/p/w300/42rJt2LNhizUNBK9q0luwTFDbzR.jpg
671317.0,https://image.tmdb.org/t/p/w300/6TdApYCgWv9wIBkDAoRoL9p0pwB.jpg
1160053.0,https://image.tmdb.org/t/p/w300/dQHCQUZPXlMmndldc5VjaQm2ExB.jpg
1196294.0,https://image.tmdb.org/t/p/w300/3WdUyTlPbTtSBvMGXhEA6aJC2hW.jpg
882954.0,https://image.tmdb.org/t/p/w300/v10o7RFELvJ0HUQm9XEYdfksRn2.jpg
1173076.0,https://image.tmdb.org/t/p/w300/nhsi6kfqwlfAdzaeZOocnUqMlH2.jpg
1115304.0,https://image.tmdb.org/t/p/w300/128HOMduSZpG0PApvXi7C1u5ptO.jpg
1145857.0,https://image.tmdb.org/t/p/w300/fM2lH05MjZx0iAXCbsWphOnS49O.jpg
1096804.0,https://image.tmdb.org/t/p/w300/y8tbZ6MP4kAyGFkgFxjwcj8VHHI.jpg
562084.0,https://image.tmdb.org/t/p/w300/uGgoxEhN6sHdRuYVBwmPS3rFtq6.jpg
719502.0,https://image.tmdb.org/t/p/w300/7uM7jQgZPUOtpwm7cCQtdB1KsQA.jpg
1180406.0,https://image.tmdb.org/t/p/w300/31gI4VvKlD72q3SKtLxztcI92GS.jpg
1178876.0,https://image.tmdb.org/t/p/w300/d86egfuwCCf3fAXwmZKwMy2VH7F.jpg
1111458.0,https://image.tmdb.org/t/p/w300/h2nkaYS1n3dtpatBVBrLtAG6sCD.jpg
787258.0,https://image.tmdb.org/t/p/w300/lg7TDY0m5kEjwOP3HeE3Mw1s36G.jpg
1072071.0,https://image.tmdb.org/t/p/w300/yWBdqHInr5p2n0GF62htlTnEptD.jpg
1134133.0,https://image.tmdb.org/t/p/w300/x9sjoOD7wEzplgWLjDHhQbCQVmH.jpg
895053.0,https://image.tmdb.org/t/p/w300/geydbDS8Lx2OqoDXRz1iwGF7ED3.jpg
1181830.0,https://image.tmdb.org/t/p/w300/q4h84lODrD1n8VGFvaliL8xptdY.jpg
926688.0,https://image.tmdb.org/t/p/w300/pn4yrtUJYr1Z9uSYWjW5ei0G7OX.jpg
947305.0,https://image.tmdb.org/t/p/w300/d5idMEJnEi2k05ZH1PDI1M12hIG.jpg
949709.0,https://image.tmdb.org/t/p/w300/64DqGv8ZbuGVzLHYrxKCgnNL1yC.jpg
1202957.0,https://image.tmdb.org/t/p/w300/jnLrgXFQRhEYoMStHSbARbr1fUT.jpg
1000678.0,https://image.tmdb.org/t/p/w300/1BXLiv2xfgHsMKp0N87j43E06o9.jpg
960083.0,https://image.tmdb.org/t/p/w300/9KfRIVShyCqmMsOyHBQuTpMrh6P.jpg
967022.0,https://image.tmdb.org/t/p/w300/hvGj291oWmMyDhvtU7642KsM2np.jpg
983468.0,https://image.tmdb.org/t/p/w300/w6ZThzLJAuGbvg2OT5ykY6MynM6.jpg
1037695.0,https://image.tmdb.org/t/p/w300/ncDKIDrXFxrluoGNzPuU82QKm5r.jpg
1189490.0,https://image.tmdb.org/t/p/w300/sWzh2nEzWirHJyLC8JXEOSdhLvb.jpg
1156747.0,https://image.tmdb.org/t/p/w300/ti70QG42alwiRS2mM8RgkpDx63Y.jpg
1122517.0,https://image.tmdb.org/t/p/w300/rA3ezxK8wwOUV2NfZWYOWPLBXmV.jpg
1047703.0,https://image.tmdb.org/t/p/w300/eeY9LqMoiJbX1i3n2KxwxRIzKQd.jpg
1079005.0,https://image.tmdb.org/t/p/w300/cL5r9i6swK1L5Q8DpJnVk0Mh0mg.jpg
1202120.0,https://image.tmdb.org/t/p/w300/pfvVqCebUhy2oEsOgxxpMtHMNWW.jpg
1190486.0,https://image.tmdb.org/t/p/w300/lLwleDj4Ka7AmptXQJT5JhkLLvg.jpg
982301.0,https://image.tmdb.org/t/p/w300/zUrk1m2jhkHmVeXpspsCd7bnc4Q.jpg
776428.0,https://image.tmdb.org/t/p/w300/lsPWMqw5eg51NksBio3MnVMZrL1.jpg
1038780.0,https://image.tmdb.org/t/p/w300/l3pYMAjczLmNT5x7X2yP6dnwb0K.jpg
366693.0,https://image.tmdb.org/t/p/w300/g7sz9hdEKPz8w99TiTSjk9z4zoB.jpg
1145636.0,https://image.tmdb.org/t/p/w300/xvdaZeCOiQP9bAVwjwuowxcwlb6.jpg
926813.0,https://image.tmdb.org/t/p/w300/lB6c5moiIgDUt7ZywKKDGNT800l.jpg
922225.0,https://image.tmdb.org/t/p/w300/3VqihxY5z5oXuGpWERbSfSB6RO8.jpg
655559.0,https://image.tmdb.org/t/p/w300/pUueZdwj4klRPQnASzaQi0J07Fw.jpg
1069809.0,https://image.tmdb.org/t/p/w300/mkrJLi6WGWAtTFc1XpXsa9FoIFZ.jpg
1096510.0,https://image.tmdb.org/t/p/w300/7FLUm5p3OUiqXtJQaK8gJeU1AjE.jpg
969086.0,https://image.tmdb.org/t/p/w300/wqG49EvDcCsKlSsIFfJuN6L9WLm.jpg
1152194.0,https://image.tmdb.org/t/p/w300/d1aWB3vsBKczCB6xYpKREovTC7B.jpg
1122755.0,https://image.tmdb.org/t/p/w300/6UsV3fhe8XbOlolCky90u5eRrEe.jpg
1060136.0,https://image.tmdb.org/t/p/w300/xBAe9OPZmsskJWTxeI51wZHx8Sx.jpg
1201116.0,https://image.tmdb.org/t/p/w300/6bUzK2SBn4J9OtRQ3BOuUzWYUwL.jpg
1017512.0,https://image.tmdb.org/t/p/w300/dDy6ajutdkflqJxlU1BpW1apv9A.jpg
716866.0,https://image.tmdb.org/t/p/w300/wSyVytwWVxnDbVncAsNfoX3oTKy.jpg
1031418.0,https://image.tmdb.org/t/p/w300/5P2ktmVerHGJ4n9McCJ5Z3EVBJO.jpg
1187743.0,https://image.tmdb.org/t/p/w300/2EG9dLNxHKyT5DEJxsprp0f4O9T.jpg
1060691.0,https://image.tmdb.org/t/p/w300/6YwBGjmq33ZCD7NvLCwBrVIkWw7.jpg
1122772.0,https://image.tmdb.org/t/p/w300/8KvCdTct3F40rafJ7CyqNcMuNig.jpg
1182080.0,https://image.tmdb.org/t/p/w300/bIVsWd4J3nieZl2QQfZ72DBNMzc.jpg
1115737.0,https://image.tmdb.org/t/p/w300/ZI04LGQ3C7HBF7FNZO3zFaFMbV.jpg
834325.0,https://image.tmdb.org/t/p/w300/vQlt0e2iC2Us8dzkhohnLkm4n31.jpg
1059066.0,https://image.tmdb.org/t/p/w300/A6MnbDjRA5qIwFvE7YgRFWiGg0k.jpg
51382.0,https://image.tmdb.org/t/p/w300/4EvizXcGA1yFNnAZX3quTLvaoYy.jpg
1100845.0,https://image.tmdb.org/t/p/w300/kWz0HTAX7pxCBrLmDAzxd1zHLQY.jpg
1204166.0,https://image.tmdb.org/t/p/w300/1PTurhVEqhqP7noynFfvc3iX4SJ.jpg
1063524.0,https://image.tmdb.org/t/p/w300/qRhJLeD9gtmVQGWpYTSSyCuvr0u.jpg
514846.0,https://image.tmdb.org/t/p/w300/wzuKZmQrBr9W3aRusEEzFo0iLeJ.jpg
826805.0,https://image.tmdb.org/t/p/w300/dLvCPX31KrN8UpNYNI2kqauVLoi.jpg
795133.0,https://image.tmdb.org/t/p/w300/3SfFuWHw3IVjg8Ee2BLDDlqhXeU.jpg
1151927.0,https://image.tmdb.org/t/p/w300/oFA9j5GkwjpMuuGkwF5LJTPxELf.jpg
1179924.0,https://image.tmdb.org/t/p/w300/9SHyLXLP9YE1U718esb6u6JHHSO.jpg
1126070.0,https://image.tmdb.org/t/p/w300/fjWKl8PHFjLb35SbuDbpoGwwwue.jpg
1134589.0,https://image.tmdb.org/t/p/w300/cZDF1mVhNkrvgR0MZfeMEHGn3pF.jpg
1071339.0,https://image.tmdb.org/t/p/w300/4cAD9MaQY4rH6RF4tD7cec7qyZG.jpg
611587.0,https://image.tmdb.org/t/p/w300/94LOPIWhYmTphKIWrMMTJfuMYqt.jpg
872841.0,https://image.tmdb.org/t/p/w300/jZrvTHT0FYgt3ds6O3n6TK42jYV.jpg
300545.0,https://image.tmdb.org/t/p/w300/maKkX0qbSnmHgO6AzKCKGbUyQUC.jpg
399388.0,https://image.tmdb.org/t/p/w300/nA1diqbhPlM2yvuZmy08zFo0OXP.jpg
419454.0,https://image.tmdb.org/t/p/w300/zjGlC2kfnjlA1FQJEP6gwryPiBH.jpg
614461.0,https://image.tmdb.org/t/p/w300/oIF5wL4It8P6hrYURMeMTEEHQnp.jpg
497044.0,https://image.tmdb.org/t/p/w300/hv7g66yJb3qdEckwfF9Xyu6Nu1f.jpg
589449.0,https://image.tmdb.org/t/p/w300/p1HheUhbaXe2ViqHTgenFoQAIRR.jpg
455261.0,https://image.tmdb.org/t/p/w300/vkIfB2WxbRIUXymkdr9G05FQFRs.jpg
446897.0,https://image.tmdb.org/t/p/w300/zZRrKZVxqGoE5kz6wHPCABjDrvd.jpg
444503.0,https://image.tmdb.org/t/p/w300/n6pMYtcrwravh91LulVANDcyYt8.jpg
778578.0,https://image.tmdb.org/t/p/w300/9gvkYPxrPGhSICNQy4aB3yl8j7p.jpg
779128.0,https://image.tmdb.org/t/p/w300/3p1QXwmWYlMcJqxPEsYTvY2SJVb.jpg
741888.0,https://image.tmdb.org/t/p/w300/e994VpX9BmqYddh0s3Qvmklg0Cg.jpg
767271.0,https://image.tmdb.org/t/p/w300/7Iem6SBsuEVDD5O17MG9vrKfLxW.jpg
876786.0,https://image.tmdb.org/t/p/w300/3PPu4NsbbAmOyX4Oi0XmZ9txJJA.jpg
859321.0,https://image.tmdb.org/t/p/w300/24UtYJ1dfBh2CWdsCbdeEoBk8tW.jpg
870359.0,https://image.tmdb.org/t/p/w300/hSBIk1EQrt2DJHQHjYqQCHQeHRt.jpg
861275.0,https://image.tmdb.org/t/p/w300/p4QCg2IzFYW5VVlc404sSAZJpxK.jpg
826477.0,https://image.tmdb.org/t/p/w300/11vPhCUB05DPhamNq6jGrITpfRV.jpg
801085.0,https://image.tmdb.org/t/p/w300/fKZQVdb2WJ1Cnndp9BnEQktl8gC.jpg
929889.0,https://image.tmdb.org/t/p/w300/zT1VOSbYHMLJ5UnWOBbvFHNJ2aH.jpg
960558.0,https://image.tmdb.org/t/p/w300/c1C2IUuwmsi2HegZGzfcInBdGUn.jpg
943395.0,https://image.tmdb.org/t/p/w300/fLCQWuYHBf0HdSr99LlqdAba5FH.jpg
926538.0,https://image.tmdb.org/t/p/w300/3rjWfnJyCFmWNfIMj2VMrh3Nxwl.jpg
953649.0,https://image.tmdb.org/t/p/w300/3s2JqFzp8TW5Qwe8qSqMyXp16mB.jpg
920167.0,https://image.tmdb.org/t/p/w300/lYkNSIzHTaHP7s8nL54N2sNYqLH.jpg
1017404.0,https://image.tmdb.org/t/p/w300/viwbYkSpnLyuzd9eUpNCjKyZsIe.jpg
992468.0,https://image.tmdb.org/t/p/w300/wnMC13H06h2FS7eKlCRAw6CQR21.jpg
1001728.0,https://image.tmdb.org/t/p/w300/rQsq9m07IEPEn4meCtxShZ5hYWx.jpg
984237.0,https://image.tmdb.org/t/p/w300/mP2gTejU9tMEmhO9ADtemiSXXNG.jpg
980332.0,https://image.tmdb.org/t/p/w300/vwUMcAcDv29wDSQ55uHCfXded4L.jpg
961076.0,https://image.tmdb.org/t/p/w300/cRAajRvSIxucRJk79Ivf7ZPohhx.jpg
653346.0,https://image.tmdb.org/t/p/w300/1cC59k0caVOsC9HkeO9bSIwwHKb.jpg
748783.0,https://image.tmdb.org/t/p/w300/wGACDc9iXo5QICWV709agnYcInI.jpg
1022789.0,https://image.tmdb.org/t/p/w300/q1P71jvmGuHjee9I4PgQKMCB1c9.jpg
533535.0,https://image.tmdb.org/t/p/w300/3e9RToA9tGMl1T994T9T8zLW3CU.jpg
1156593.0,https://image.tmdb.org/t/p/w300/3pkjbiL9ju2VdLohIGW4NOYkASi.jpg
866398.0,https://image.tmdb.org/t/p/w300/A7EByudX0eOzlkQ2FIbogzyazm2.jpg
1034541.0,https://image.tmdb.org/t/p/w300/l1175hgL5DoXnqeZQCcU3eZIdhX.jpg
539972.0,https://image.tmdb.org/t/p/w300/1GvBhRxY6MELDfxFrete6BNhBB5.jpg
693134.0,https://image.tmdb.org/t/p/w300/cBDoFHJVcZqAonkTyhN9sMEggi5.jpg
421892.0,https://image.tmdb.org/t/p/w300/rtlY3u7g5VClRuqqJmnZP0fMMiQ.jpg
967847.0,https://image.tmdb.org/t/p/w300/mLk6vqLP3fgplHYhEZzqODiGdEG.jpg
1108427.0,https://image.tmdb.org/t/p/w300/ys0jZr0quHERDUEoCboGQEKPvgQ.jpg
1062807.0,https://image.tmdb.org/t/p/w300/fpU1278xDZgZtnZPeH4qi4fJtiq.jpg
575265.0,https://image.tmdb.org/t/p/w300/l2fgb4JU0uLpWTaMFrxPqfQ94Kr.jpg
1003596.0,https://image.tmdb.org/t/p/w300/utZTb3VBrH0zR77BcISU67pHuAx.jpg
891699.0,https://image.tmdb.org/t/p/w300/tlcuhdNMKNGEVpGqBZrAaOOf1A6.jpg
1003598.0,https://image.tmdb.org/t/p/w300/8chwENebfUEJzZ7sMUA0nOgiCKk.jpg
939243.0,https://image.tmdb.org/t/p/w300/aNSBaYTgPz8QEADi3xiD52X4uVF.jpg
1029575.0,https://image.tmdb.org/t/p/w300/a6syn9qcU4a54Lmi3JoIr1XvhFU.jpg
822119.0,https://image.tmdb.org/t/p/w300/ghkjPyaPGMfDufOa4D2A51DFGWr.jpg
519182.0,https://image.tmdb.org/t/p/w300/jUvA71PxFvQgPpNrKrq0J12LwgC.jpg
755679.0,https://image.tmdb.org/t/p/w300/lD8V3DBban95Mxz4sjuA81Tw771.jpg
763215.0,https://image.tmdb.org/t/p/w300/hSCjCASiWchLHlCWWDMyEKcik27.jpg
1084242.0,https://image.tmdb.org/t/p/w300/A5b90CMDyLeAkm1dMOLtzbfdrZs.jpg
673593.0,https://image.tmdb.org/t/p/w300/aYonZXaoKkPLFBDczdZHTrTaoZs.jpg
911916.0,https://image.tmdb.org/t/p/w300/5cAuJOfd5tuuFBz2yQmBCtVBaj0.jpg
1084244.0,https://image.tmdb.org/t/p/w300/rXRcqTBmnNdd2EZwtUQuhXhhfFC.jpg
912649.0,https://image.tmdb.org/t/p/w300/kV6ceSPLK1f8cIjvqOmvnmBEMbD.jpg
1185743.0,https://image.tmdb.org/t/p/w300/6sVB5xuQq9njHK455JdwgN8Tx07.jpg
1011985.0,https://image.tmdb.org/t/p/w300/v77WjVsTMPKTpXZoW2RVNegappO.jpg
1134754.0,https://image.tmdb.org/t/p/w300/pbeSOr5ODJMHMzR4hbLXhnHNs1S.jpg
934632.0,https://image.tmdb.org/t/p/w300/kJZjw5uhLn5iN2nXxZkNqk8Qn5M.jpg
447273.0,https://image.tmdb.org/t/p/w300/l8FW5VPyD6aMkryoRHo70EZfhOA.jpg
617127.0,https://image.tmdb.org/t/p/w300/fKqA4rgVJwrM7Gb3tQ9TGHnu8Tr.jpg
83533.0,https://image.tmdb.org/t/p/w300/eZXoA5BjUxm1fdAKb3lPvbDY2L8.jpg
746036.0,https://image.tmdb.org/t/p/w300/hynoHNqw0eEDNQiIbuDlxaK4dAI.jpg
1072790.0,https://image.tmdb.org/t/p/w300/yRt7MGBElkLQOYRvLTT1b3B1rcp.jpg
845111.0,https://image.tmdb.org/t/p/w300/rtosxP5sXuoRFPH4sVbMccLIPiV.jpg
798021.0,https://image.tmdb.org/t/p/w300/fnRUCA0fjEb3kuIaTGogL7425IC.jpg
823464.0,https://image.tmdb.org/t/p/w300/9a7A8wO8lVwX1DfeUNE1OY0Thsl.jpg
698687.0,https://image.tmdb.org/t/p/w300/nZiA682CX17KExN8XQGCqkSBtmY.jpg
1022964.0,https://image.tmdb.org/t/p/w300/of6Ds591FJTKoBHYjDFzH6jlTyK.jpg
216527.0,https://image.tmdb.org/t/p/w300/xGcd3ob2DWC3TmlVhnJg1RLyTGi.jpg
574475.0,https://image.tmdb.org/t/p/w300/2tACkNLnRmbvK81gCmUesYwcQqb.jpg
848538.0,https://image.tmdb.org/t/p/w300/psVyN65nuhOCNG8olnmhoEqfikE.jpg
626412.0,https://image.tmdb.org/t/p/w300/zemtKBbUGUAfWShg3881Hv9UEjw.jpg
1126217.0,https://image.tmdb.org/t/p/w300/jRTw7kYix1ubUGa913Dqq9CBDYR.jpg
932420.0,https://image.tmdb.org/t/p/w300/hhvMTxlTZtnCOe7YFhod9uz3m37.jpg
917496.0,https://image.tmdb.org/t/p/w300/r292UnsVQDvLRvEZdjDwjHCi4e1.jpg
558449.0,https://image.tmdb.org/t/p/w300/1HPoY1RyGdBGfHfYB9t9Jrq8Zmx.jpg
870358.0,https://image.tmdb.org/t/p/w300/2J70guF8wcErbYbRgZUBcvShgI1.jpg
347196.0,https://image.tmdb.org/t/p/w300/t670b84JGKcD3eBGOtaQhP1uWsN.jpg
1046032.0,https://image.tmdb.org/t/p/w300/atBDD05PbVDI2lm2OUy1KFQpzen.jpg
626741.0,https://image.tmdb.org/t/p/w300/nZ9rZ8pYSMT9SyBYfGomELEsjbS.jpg
806704.0,https://image.tmdb.org/t/p/w300/qwDWC2OzPw9zGc2lVCbjDrdaL6A.jpg
133792.0,https://image.tmdb.org/t/p/w300/4AqFWME7ycwPKVLKChrZqHgzV33.jpg
nan,https://image.tmdb.org/t/p/w300/ptpr0kGAckfQkJeJIt8st5dglvd.jpg
nan,https://image.tmdb.org/t/p/w300/4TS5O1IP42bY2BvgMxL156EENy.jpg
137106.0,https://image.tmdb.org/t/p/w300/9klB7qKC9aCeGyyM4uU5hSA6xDV.jpg
435.0,https://image.tmdb.org/t/p/w300/Wr4HeYQRvwVCxzOV5TmGE7UkXq.jpg
340402.0,https://image.tmdb.org/t/p/w300/dsMxMbapp5pmTVaFOD0YL4DQXS3.jpg
1053017.0,https://image.tmdb.org/t/p/w300/9GYlKpCBUL5HuW45PQA6kqlt0jA.jpg
776835.0,https://image.tmdb.org/t/p/w300/cAoAgzOCxSytYBqqCQulhXNR3LB.jpg
11954.0,https://image.tmdb.org/t/p/w300/953hMDf9G2ZRIEs97M6iFIYWtWF.jpg
948276.0,https://image.tmdb.org/t/p/w300/uAeZI1JJbLPq7Bu5dziH7emHeu7.jpg
10489.0,https://image.tmdb.org/t/p/w300/uNBt2YxrQdyOjnm2rDQ5QiCmQ0K.jpg
9659.0,https://image.tmdb.org/t/p/w300/5LrI4GiCSrChgkdskVZiwv643Kg.jpg
7518.0,https://image.tmdb.org/t/p/w300/PHNurftfUJTStsTgIkaxglvm2k.jpg
2005.0,https://image.tmdb.org/t/p/w300/xZvVSZ0RTxIjblLV87vs7ADM12m.jpg
10024.0,https://image.tmdb.org/t/p/w300/atRGqnG7pe0hZP97RWDLrT2hRGZ.jpg
454619.0,https://image.tmdb.org/t/p/w300/41Rzkgo9y7n6BNGD6O8j0LVs8Yu.jpg
31011.0,https://image.tmdb.org/t/p/w300/qNkIONc4Rgmzo23ph7qWp9QfVnW.jpg
13377.0,https://image.tmdb.org/t/p/w300/7ir0iRuPK9OEuH569cp0nF5CJce.jpg
291870.0,https://image.tmdb.org/t/p/w300/k0Lz1TfSlbcQthQKYGwE7blDfwN.jpg
68737.0,https://image.tmdb.org/t/p/w300/7Q8DfXSjcFSSQDOxz1Sk865wNqI.jpg
755566.0,https://image.tmdb.org/t/p/w300/bI7lGR5HuYlENlp11brKUAaPHuO.jpg
1078642.0,https://image.tmdb.org/t/p/w300/80LYrmrs3EcW0hj9aXAwglmXtJF.jpg
16366.0,https://image.tmdb.org/t/p/w300/sUKImRHScrjrvaG2FwxCRY5ldtx.jpg
877183.0,https://image.tmdb.org/t/p/w300/p5jzbffrXuBTjsiwrQ3aOMTrvCj.jpg
1070777.0,https://image.tmdb.org/t/p/w300/cxSKca4dNlk7O7PMiEYT203vlIw.jpg
68724.0,https://image.tmdb.org/t/p/w300/aRjuJuPXHtVs6YegfeeQWXGRs1E.jpg
767852.0,https://image.tmdb.org/t/p/w300/bWx2ET0ts7L8pXWBpPjeaz63a1I.jpg
976720.0,https://image.tmdb.org/t/p/w300/etvK8ni1adjXU8obDpdUxTTQT6n.jpg
886396.0,https://image.tmdb.org/t/p/w300/mvffaexT5kA3chOnGxwBSlRoshh.jpg
15167.0,https://image.tmdb.org/t/p/w300/eIkXJggVmzN4MyPgJ2kDjOy9lmQ.jpg
830788.0,https://image.tmdb.org/t/p/w300/jcTq6gIskCsHlKDvCKKouEfiU66.jpg
639.0,https://image.tmdb.org/t/p/w300/3wkbKeowUp1Zpkw1KkBqMWbt0P9.jpg
67308.0,https://image.tmdb.org/t/p/w300/mmvFokJgpFmNt522Hfpq3Zfs2Ra.jpg
522162.0,https://image.tmdb.org/t/p/w300/hj8pyoNnynGeJTAbl7jcLZO8Uhx.jpg
628.0,https://image.tmdb.org/t/p/w300/2162lAT2MP36MyJd2sttmj5du5T.jpg
161337.0,https://image.tmdb.org/t/p/w300/4yNXdOfieIw4ZNdvOuHr1iuLGV.jpg
454286.0,https://image.tmdb.org/t/p/w300/1MwoZ4U8SGm7yIzfPFcTTbiiOYY.jpg
114150.0,https://image.tmdb.org/t/p/w300/gsFoJk9g8W3zgaipRrrURk7LbiF.jpg
406898.0,https://image.tmdb.org/t/p/w300/q0z4npfVI7Xh6jDPbHYJ6RUeFpf.jpg
1072799.0,https://image.tmdb.org/t/p/w300/vRJ8gn4lapIhQhZDy1222CWCztc.jpg
852565.0,https://image.tmdb.org/t/p/w300/vMIBpFUlotSbB1ptHLJEYNECzcS.jpg
20943.0,https://image.tmdb.org/t/p/w300/2rq96Ihbqb1eU3TEBVtgFlqbeX7.jpg
400136.0,https://image.tmdb.org/t/p/w300/r27iDZNaoyLJyKlD8eNchRtvq8C.jpg
479455.0,https://image.tmdb.org/t/p/w300/dPrUPFcgLfNbmDL8V69vcrTyEfb.jpg
137.0,https://image.tmdb.org/t/p/w300/gCgt1WARPZaXnq523ySQEUKinCs.jpg
9426.0,https://image.tmdb.org/t/p/w300/8gZWMhJHRvaXdXsNhERtqNHYpH3.jpg
57084.0,https://image.tmdb.org/t/p/w300/k6LZn3greNmaYhySVnwUkkDmlpo.jpg
369972.0,https://image.tmdb.org/t/p/w300/i91mfvFcPPlaegcbOyjGgiWfZzh.jpg
1114901.0,https://image.tmdb.org/t/p/w300/ktpoqsz2O5xz8SPxc358YXmmzHU.jpg
13285.0,https://image.tmdb.org/t/p/w300/igsqS7rpnkAT92Iqo5sYwTs1KWo.jpg
8619.0,https://image.tmdb.org/t/p/w300/s1cVTQEZYn4nSjZLnFbzLP0j8y2.jpg
1074788.0,https://image.tmdb.org/t/p/w300/zSjUQ5EpOf4ytijx5X1bQefYfwp.jpg
1669.0,https://image.tmdb.org/t/p/w300/yVl7zidse4KiWtGMqHFtZCx4X3N.jpg
21208.0,https://image.tmdb.org/t/p/w300/lCGpOgoTOGLtZnBiGY9HRg5Xnjd.jpg
923.0,https://image.tmdb.org/t/p/w300/h6aVbUsiJB3Le1xrhyZXsXZOI3h.jpg
171274.0,https://image.tmdb.org/t/p/w300/hyan5Uc0lGpPuad94DM1pLxneiP.jpg
351694.0,https://image.tmdb.org/t/p/w300/xHme10Y5jVdH8KeSGgStndjatF5.jpg
751741.0,https://image.tmdb.org/t/p/w300/rEy4VFXn3fukXRhx8TnSZtOnlcm.jpg
13688.0,https://image.tmdb.org/t/p/w300/sRzSfpSb3wYYshbaiMRIuFCJJGU.jpg
132232.0,https://image.tmdb.org/t/p/w300/eo8BhR8Q5STmWE9sMLsEPagxmy6.jpg
3131.0,https://image.tmdb.org/t/p/w300/lemqKtcCuAano5aqrzxYiKC8kkn.jpg
575299.0,https://image.tmdb.org/t/p/w300/kDaRVADrrbwNSGzCvU4AroEa6h1.jpg
1273.0,https://image.tmdb.org/t/p/w300/ksguZE9rTtsRJlhTO59WNmPNjOR.jpg
399055.0,https://image.tmdb.org/t/p/w300/9zfwPffUXpBrEP26yp0q1ckXDcj.jpg
487297.0,https://image.tmdb.org/t/p/w300/30IiwvIRqPGjUV0bxJkZfnSiCL.jpg
267860.0,https://image.tmdb.org/t/p/w300/korY0GInEJThWEm23MRmErQ3GqT.jpg
9509.0,https://image.tmdb.org/t/p/w300/v8H6dPqXhHWW137ubxqD4HdHTib.jpg
15512.0,https://image.tmdb.org/t/p/w300/hpHarddVj34j53T7NsoUGdKj4mP.jpg
4564.0,https://image.tmdb.org/t/p/w300/AhNfnsGW95RKHQNLdgFH48UN0Zy.jpg
259072.0,https://image.tmdb.org/t/p/w300/cV1biK7jlHVXlQ7ErYe5MUSBGcx.jpg
906221.0,https://image.tmdb.org/t/p/w300/9a9pyJZRhUWUSBT8BQqWihtqbI8.jpg
9594.0,https://image.tmdb.org/t/p/w300/tmzwvSqoMC37Tgqwj4mA2dHNSmw.jpg
807986.0,https://image.tmdb.org/t/p/w300/44pxAoAXhC8DTfcNzwDSDJ1D0ue.jpg
10330.0,https://image.tmdb.org/t/p/w300/ipKcZ4Up7dp18XpsfYUc9NKZy3g.jpg
9342.0,https://image.tmdb.org/t/p/w300/bdMufwGDDzqu4kTSQwrKc5WR4bu.jpg
301337.0,https://image.tmdb.org/t/p/w300/5bNzInSSAXfr0MFlHfb4IoQePVx.jpg
8456.0,https://image.tmdb.org/t/p/w300/8oRUTyP1QAtGDMvRpKZyuyFPG0U.jpg
11797.0,https://image.tmdb.org/t/p/w300/upVMb3s1RugX4J0O40zfERjPE5N.jpg
1074215.0,https://image.tmdb.org/t/p/w300/aoZavx0mv8FrqkysIsgj89CGza.jpg
1180841.0,https://image.tmdb.org/t/p/w300/Aw3ApBYlH0KIJ377vcUiqbPMth5.jpg
6466.0,https://image.tmdb.org/t/p/w300/mYSlqsMMaWg6Hgg22W45yjBg17k.jpg
50544.0,https://image.tmdb.org/t/p/w300/q4ZAmIIbe2LiLvhQT0q3e6pleYr.jpg
454640.0,https://image.tmdb.org/t/p/w300/ebe8hJRCwdflNQbUjRrfmqtUiNi.jpg
15370.0,https://image.tmdb.org/t/p/w300/pqyY7IEWkCWNZ7EuRStQaJITEta.jpg
187.0,https://image.tmdb.org/t/p/w300/i66G50wATMmPrvpP95f0XP6ZdVS.jpg
941.0,https://image.tmdb.org/t/p/w300/fTq4ThIP3pQTYR9eDepsbDHqdcs.jpg
683328.0,https://image.tmdb.org/t/p/w300/gxtf1bovLDyd0dMcKXdwVyqVsuK.jpg
47327.0,https://image.tmdb.org/t/p/w300/g0hQNqLkPZC5wOnNhzUH0KvPda4.jpg
792.0,https://image.tmdb.org/t/p/w300/m3mmFkPQKvPZq5exmh0bDuXlD9T.jpg
36643.0,https://image.tmdb.org/t/p/w300/wCb2msgoZPK01WIqry24M4xsM73.jpg
987490.0,https://image.tmdb.org/t/p/w300/yNPgjXeeb7vdNI7AQB5SWkkk6si.jpg
594.0,https://image.tmdb.org/t/p/w300/pXNomqKcKXAQbuWxehb2N3XFKfn.jpg
8982.0,https://image.tmdb.org/t/p/w300/uKE9BxgtT5g2pE3ZKC7MnzsAbTZ.jpg
611698.0,https://image.tmdb.org/t/p/w300/sMLOkezoaVuN08QiqJZ5aL8t73G.jpg
332210.0,https://image.tmdb.org/t/p/w300/ylXKcKrEHSQEYLntBvYxGBI7Ld3.jpg
74018.0,https://image.tmdb.org/t/p/w300/awuuwPA8Hy9c5EH04xwkEXOSYiL.jpg
727745.0,https://image.tmdb.org/t/p/w300/c7xcqnMDVQ5v1hJBm3AZ5YikNe6.jpg
80280.0,https://image.tmdb.org/t/p/w300/tI1534q0Up7PBcLdXdFerLmIXn3.jpg
514999.0,https://image.tmdb.org/t/p/w300/bSMSO9xupd4R4vwTPqigHn2quLN.jpg
100241.0,https://image.tmdb.org/t/p/w300/pQkJ1tNsKRvYhwbC8eztLElKrmS.jpg
13207.0,https://image.tmdb.org/t/p/w300/88wlJ4teYlck4hJ2bnlxBrAVh0m.jpg
11212.0,https://image.tmdb.org/t/p/w300/21U2jwl36hoTHsXB3fDuIQkcchu.jpg
628704.0,https://image.tmdb.org/t/p/w300/gXaS8OuavUsEjoW7P8qKrHTGPi1.jpg
874745.0,https://image.tmdb.org/t/p/w300/gt7kD8MjObtgQYH130pZiLTN0qx.jpg
9493.0,https://image.tmdb.org/t/p/w300/stJx9BQZbXrZnTGf9Erc7d2UMVc.jpg
364324.0,https://image.tmdb.org/t/p/w300/paMpCe1sapr0dWMZtu3Pgl6UlVu.jpg
13888.0,https://image.tmdb.org/t/p/w300/jhUTLuPgc3Qcvr5xtji8oiWSfYy.jpg
449985.0,https://image.tmdb.org/t/p/w300/cSpM3QxmoSLp4O1WAMQpUDcaB7R.jpg
939997.0,https://image.tmdb.org/t/p/w300/8yVGumeBFefa1Yk4Ha5TiR6Fpac.jpg
600354.0,https://image.tmdb.org/t/p/w300/uxWXW1YYQENSv7OzHB4Hds0bK3b.jpg
270463.0,https://image.tmdb.org/t/p/w300/6LEwXcRfQ6mWHVt4Spla3iXP3sy.jpg
897192.0,https://image.tmdb.org/t/p/w300/iW6ixzkrvdrcxk0umiLZMtlSl9L.jpg
313297.0,https://image.tmdb.org/t/p/w300/la6QA9tk4Foq8OBH2Dyh5dTcw6H.jpg
566927,https://image.tmdb.org/t/p/w300/kTHzM6pPIjs4LHX33thyZpnKiOP.jpg
nan,https://image.tmdb.org/t/p/w300/zycaV7b29KdFqr7XfxFrkgzU1gU.jpg
1170946.0,https://image.tmdb.org/t/p/w300/rnCWfzFGiJo3zppS7ZXjvpJVdmT.jpg
1143037.0,https://image.tmdb.org/t/p/w300/sVqlHl2CokdooNus11GxImLZHaR.jpg
1218775.0,https://image.tmdb.org/t/p/w300/11xlqdDkX4TVxTyLdb7sHREgVc9.jpg
1202989.0,https://image.tmdb.org/t/p/w300/lQS2NANlTnh2fkI4L754T7XngHu.jpg
1168117.0,https://image.tmdb.org/t/p/w300/zASsyPV3i69ZNOjNncUTB0shrtm.jpg
1199748.0,https://image.tmdb.org/t/p/w300/coa9w17NxpxByaPEqf57LVvZPU9.jpg
1209412.0,https://image.tmdb.org/t/p/w300/o1jLykSMnQI7SDJLNYrdJ6jHDSj.jpg
1212667.0,https://image.tmdb.org/t/p/w300/gwnjLH4UHmLc06sZCFuSXIXlXp5.jpg
1150425.0,https://image.tmdb.org/t/p/w300/lDyxUgRoB2AtTi0IEn5pwPFHrRK.jpg
1122715.0,https://image.tmdb.org/t/p/w300/7UG7IexpoJyApmYswqTwZ7qVWtc.jpg
1216164.0,https://image.tmdb.org/t/p/w300/1HdLUVU9PRCZibG0wKECYI3sF9Q.jpg
1218040.0,https://image.tmdb.org/t/p/w300/zZwPot7StDN5qZekiiqa6CQ3FmW.jpg
1217197.0,https://image.tmdb.org/t/p/w300/rspm8tSeRMW1ytJiv2EgxZx1l5D.jpg
1218666.0,https://image.tmdb.org/t/p/w300/bTwpavJPKoPIXFNWKOqXGL4G6yM.jpg
1216438.0,https://image.tmdb.org/t/p/w300/pd1V9AArCMu3EnLNAae6u48UF6M.jpg
1216143.0,https://image.tmdb.org/t/p/w300/wQ6N5qNC5VI3sIhmRxlLredMFik.jpg
1176848.0,https://image.tmdb.org/t/p/w300/pDyNzZMrc7LCcfciq7rLUU13Tmi.jpg
1167813.0,https://image.tmdb.org/t/p/w300/5P2BnFgZkPNXODggmip3jsm3wDu.jpg
1128750.0,https://image.tmdb.org/t/p/w300/nTZXewZ7dYxJniDKtscPjxiTyp8.jpg
1112305.0,https://image.tmdb.org/t/p/w300/f8HdigE8wlQHee6q3Vm6PqCh3ue.jpg
910784.0,https://image.tmdb.org/t/p/w300/1dCwER64cT4DnbnEM1HFIdCdYyI.jpg
1007826.0,https://image.tmdb.org/t/p/w300/wj1VRcVsh39nkxLkZP8tuGd96tc.jpg
955179.0,https://image.tmdb.org/t/p/w300/yg2ihSPbqy7B7V74VXBBTY1MVmu.jpg
1084812.0,https://image.tmdb.org/t/p/w300/5qBCsbbQQ1AP5O0xj9vguaJPlwz.jpg
1202107.0,https://image.tmdb.org/t/p/w300/mgdXOCxKARLs6pR099xIMcPL62R.jpg
1213202.0,https://image.tmdb.org/t/p/w300/7AnlL3xuOUVGE8DRb3eilY25w8q.jpg
1205066.0,https://image.tmdb.org/t/p/w300/h8dNsrI2sKFoJWFplVoKyr2V7YC.jpg
1208069.0,https://image.tmdb.org/t/p/w300/AnFKixyzcrTKVcMhK6Nfe5OmmhK.jpg
1210627.0,https://image.tmdb.org/t/p/w300/fXKU7cJQXnhucDR4P65qarmxxrZ.jpg
933131.0,https://image.tmdb.org/t/p/w300/zVMyvNowgbsBAL6O6esWfRpAcOb.jpg
1172604.0,https://image.tmdb.org/t/p/w300/29QMWjc65fgsDj8W2Z9X0nmiF65.jpg
1216280.0,https://image.tmdb.org/t/p/w300/2ifGC34WHZvrTIIZqUp7QzIfKQD.jpg
1215072.0,https://image.tmdb.org/t/p/w300/m5iRpwNR2DUTRI4vyfFFyKg2BuD.jpg
1215064.0,https://image.tmdb.org/t/p/w300/r9N6tXFRtUwWcwkMZvYKvaNSLbm.jpg
1214776.0,https://image.tmdb.org/t/p/w300/SgwVRSSQUqBO1l6d6edo89xGWd.jpg
1214957.0,https://image.tmdb.org/t/p/w300/vUk4N7UrFC0ZzyK7m9hCU2vXw4b.jpg
586353.0,https://image.tmdb.org/t/p/w300/wJdzDRy0j4xwHFmHA2vBa4plWQv.jpg
1038874.0,https://image.tmdb.org/t/p/w300/sMnLaMTWYb19naUBTkcj099bX0M.jpg
1181566.0,https://image.tmdb.org/t/p/w300/oLhBayrRmdZ3M5hWQPtl2trNcDx.jpg
1192209.0,https://image.tmdb.org/t/p/w300/j1Rjw6a62UwrbTNT0I3JzZnnCmr.jpg
1004284.0,https://image.tmdb.org/t/p/w300/cldpXsHoPD3VAPnDRv8esUBriUM.jpg
1218587.0,https://image.tmdb.org/t/p/w300/Fsp1ivlGXdqPnGXIjmMKuR2zES.jpg
857260.0,https://image.tmdb.org/t/p/w300/whK9TBJxEwqWY8jI9ZdMAmknRlC.jpg
1137789.0,https://image.tmdb.org/t/p/w300/1KR6dvX8xH3vmhqXQPUEHM43WOy.jpg
1177334.0,https://image.tmdb.org/t/p/w300/qhUDzoDiM76v0wEJH6WhOEJrNGl.jpg
1171004.0,https://image.tmdb.org/t/p/w300/3VtYuxv39anmiUIp2V0Gct6jd8N.jpg
1207104.0,https://image.tmdb.org/t/p/w300/4hUog0FLxLYVJHZPlqMjt47M52W.jpg
1191434.0,https://image.tmdb.org/t/p/w300/vRyuUn1VvBoTVvTyytQ0B8qsPy.jpg
1206174.0,https://image.tmdb.org/t/p/w300/8IQvAH5PI1CKTzrAejxtsC29hLX.jpg
1208971.0,https://image.tmdb.org/t/p/w300/nr3eciqcu0CMMuXnIWHGbIURhbn.jpg
1205918.0,https://image.tmdb.org/t/p/w300/mV56EJt8buyzHEzzzNw8DokdsV1.jpg
1205899.0,https://image.tmdb.org/t/p/w300/jmabezNDeawazVGlRxZYVAaNVsB.jpg
1213764.0,https://image.tmdb.org/t/p/w300/uhz3K0PqtnpuA1bK9qjlWB6o7We.jpg
1215011.0,https://image.tmdb.org/t/p/w300/8FKSgyLS3ns9WyGvNuL17tczOWb.jpg
1210428.0,https://image.tmdb.org/t/p/w300/d6cWZpjfpDx7qJ3z66bogzR8HME.jpg
1218172.0,https://image.tmdb.org/t/p/w300/gYztdmzclJdqlBY3yWcWdpuOg7q.jpg
1214952.0,https://image.tmdb.org/t/p/w300/pDDVpC0QpW4O4W5YQB5qgpoWL45.jpg
1217409.0,https://image.tmdb.org/t/p/w300/gFRBXcyCqAvLRLh55eXYXkRxZ4r.jpg
1209432.0,https://image.tmdb.org/t/p/w300/q6sfj83zra6Qw6p4i6pntiz49ed.jpg
1209403.0,https://image.tmdb.org/t/p/w300/sgEL911DWt5sC9cmsXlKae2mFbY.jpg
958855.0,https://image.tmdb.org/t/p/w300/nA3pf2RKX9wJHIZ7cmhvgvD2rM6.jpg
1037827.0,https://image.tmdb.org/t/p/w300/dWMEWwGHSrFe5wSkajweI0c1QIH.jpg
1214454.0,https://image.tmdb.org/t/p/w300/eKoQpM6dpM2OYXbTPLAtZ0EKa5x.jpg
1211740.0,https://image.tmdb.org/t/p/w300/utYs62GJAK4m6xxUL8tu3e2w82f.jpg
1001008.0,https://image.tmdb.org/t/p/w300/cHOBNbYquynF4DmdKGhHIvZM5RI.jpg
1218175.0,https://image.tmdb.org/t/p/w300/2VXrJk5zAnPn1L9C85wX8YHBn6G.jpg
1214521.0,https://image.tmdb.org/t/p/w300/aI8RCjfrN3KaxTjosUQTWhNtzoQ.jpg
1214508.0,https://image.tmdb.org/t/p/w300/uw2qZcJkHCbYF8hR3Kz5qnO2Nom.jpg
1214499.0,https://image.tmdb.org/t/p/w300/4fgmDXxjMk1wc88KGlZJvbkJzf2.jpg
1214489.0,https://image.tmdb.org/t/p/w300/tGbT5zZLYoR4An5VccFrsVNkdR0.jpg
1214488.0,https://image.tmdb.org/t/p/w300/7A4x0D1gNTpmMn9E9BW9hWiaOkv.jpg
1214502.0,https://image.tmdb.org/t/p/w300/3tnku456kmpfFHiSo1tvB4I5qpe.jpg
1214457.0,https://image.tmdb.org/t/p/w300/fzCnqwbRN0iDV31LMxr5OIx70Z7.jpg
1214549.0,https://image.tmdb.org/t/p/w300/ffanDRkrumddWkD216G0bMbawOg.jpg
1214554.0,https://image.tmdb.org/t/p/w300/6aO7f1J5kr8SlSqHnHpYawzHPAS.jpg
1214542.0,https://image.tmdb.org/t/p/w300/3BRzpMByXLM1HgBrrDfBhWiiolq.jpg
1214551.0,https://image.tmdb.org/t/p/w300/r3srCXNVCofC5gu83HTgBgqbQ8Q.jpg
1214537.0,https://image.tmdb.org/t/p/w300/dyTzUBSlsrAA3JrxHynkhPEgT72.jpg
1214539.0,https://image.tmdb.org/t/p/w300/8WEWWVc4ZCbid4hFuD8MaAuyNZ0.jpg
1214533.0,https://image.tmdb.org/t/p/w300/rhdZrql0M1dFWDJvcdtqF6KJsaS.jpg
1214522.0,https://image.tmdb.org/t/p/w300/1Ssw9BA1M2oqqbbmP3CIan9jLhA.jpg
1214559.0,https://image.tmdb.org/t/p/w300/37NEYul4W76sdxN7MJdH9EZPczw.jpg
1218491.0,https://image.tmdb.org/t/p/w300/8WScyJh4KG5Nx8oXrFBdyPyg7Td.jpg
1189653.0,https://image.tmdb.org/t/p/w300/2S9jrpqdcTT94gZjhk3v4KCDtZ1.jpg
1214980.0,https://image.tmdb.org/t/p/w300/sotu84VEDKCj3JGqvJMIUyc9D4p.jpg
1218498.0,https://image.tmdb.org/t/p/w300/8WScyJh4KG5Nx8oXrFBdyPyg7Td.jpg
1214557.0,https://image.tmdb.org/t/p/w300/xGu8bMkgzxLgPOtkJ8ZOR4wpyB6.jpg
1214558.0,https://image.tmdb.org/t/p/w300/sJRoZURCj8WpwhH07RbzaAcssvs.jpg
1125311.0,https://image.tmdb.org/t/p/w300/9u6HEtZJdZDjPGGJq6YEuhPnoan.jpg
1218694.0,https://image.tmdb.org/t/p/w300/9xriJIWkuzI3qojDOBGGh4uocj5.jpg
1218340.0,https://image.tmdb.org/t/p/w300/t5KFJ4Ja0yyGIk77oGW5K2nHYwN.jpg
1217167.0,https://image.tmdb.org/t/p/w300/aKMRkQiXpZvaIiYzfvj4JeNgjfP.jpg
1211886.0,https://image.tmdb.org/t/p/w300/5bYf4VgHR0NNqxGRXJfGRSCwsmQ.jpg
1214506.0,https://image.tmdb.org/t/p/w300/rZ9EE7A1oLvVzYegg02tXvZaq2.jpg
1214509.0,https://image.tmdb.org/t/p/w300/o5pcDZaA9Up0X612os34JNCRX6j.jpg
973912.0,https://image.tmdb.org/t/p/w300/uJCxYoJ45N7NId1JvnzrsScxesY.jpg
1217198.0,https://image.tmdb.org/t/p/w300/aE4FolMntrJIgKjGfjU1NwKPRIG.jpg
1217193.0,https://image.tmdb.org/t/p/w300/e168jyw0r3NP2z0orxTadJt9Cuy.jpg
1216603.0,https://image.tmdb.org/t/p/w300/rH3IB8DmYO4wiXfXaAwL4ppCQMt.jpg
1215002.0,https://image.tmdb.org/t/p/w300/5Gssik10AiROSChl1ajyyEXNJGO.jpg
1214504.0,https://image.tmdb.org/t/p/w300/Ah1HtmkzHLyZWFVQxsipF0M7bmc.jpg
1208496.0,https://image.tmdb.org/t/p/w300/kRf1J6hO2l4Yw2BXoihm1Uq9TpO.jpg
1202214.0,https://image.tmdb.org/t/p/w300/uUeN1kNlm0u8uv7gSCY2MneG5Yo.jpg
1155840.0,https://image.tmdb.org/t/p/w300/4nMNB2jsiSJTm8zfSYo1bKy0CZH.jpg
1072596.0,https://image.tmdb.org/t/p/w300/3KbxYFPw1oOtE4PoWIEOeLx4bsk.jpg
1184655.0,https://image.tmdb.org/t/p/w300/hOaDRdk9S5O9rJNr0IjHaGKya6K.jpg
1069930.0,https://image.tmdb.org/t/p/w300/3YI5JQOIWVuVQ2fCdQ9n7WbcCft.jpg
1168414.0,https://image.tmdb.org/t/p/w300/jC1Vx7CGwE1rY7aHsbqE3QAgzql.jpg
1147493.0,https://image.tmdb.org/t/p/w300/2GdWZHN5y8g1n3JrF2csKDJT95r.jpg
1117098.0,https://image.tmdb.org/t/p/w300/aLphvD9RKuJHdQYIL7Ej45IbMXP.jpg
1137724.0,https://image.tmdb.org/t/p/w300/yVQPFL8NIcUEuH0gjj7J98jAdN2.jpg
1198754.0,https://image.tmdb.org/t/p/w300/RjHdv8xKNkq5pDHiEYyE7ndoSu.jpg
1162555.0,https://image.tmdb.org/t/p/w300/vtpkZlC1wFxQrnd23WfcPhvAyZq.jpg
1117152.0,https://image.tmdb.org/t/p/w300/4LrocaRueqI6dFGQigFtP3UbRvi.jpg
1201928.0,https://image.tmdb.org/t/p/w300/bs6v2sbQKqU6FY6Kjhxaxk8QP6v.jpg
1214572.0,https://image.tmdb.org/t/p/w300/flFzwCTPA45FU310i3MLmKhLwaH.jpg
1205069.0,https://image.tmdb.org/t/p/w300/5goxVehMF72jcrWOx11ChMbXSvn.jpg
1162097.0,https://image.tmdb.org/t/p/w300/2FkZVK9FFzaVKx1t9ozMTRQaeSF.jpg
1110390.0,https://image.tmdb.org/t/p/w300/vwsBpnwmMO0xtIgxvCrViJgZhVj.jpg
1189179.0,https://image.tmdb.org/t/p/w300/xHRYHib2n8xmszKtwbOgCIP0hSh.jpg
1165605.0,https://image.tmdb.org/t/p/w300/vlcugN1hsJCCDqUuv7keOLsu6d8.jpg
1218075.0,https://image.tmdb.org/t/p/w300/g2Ry0EqFtAPy2cqk5wwlpH408R6.jpg
1218073.0,https://image.tmdb.org/t/p/w300/9TN3xju5H9sSkytvY1gaq1JvZO2.jpg
1216146.0,https://image.tmdb.org/t/p/w300/eDyqfR0M4KRz80XNl2lO0yoxQe6.jpg
1216609.0,https://image.tmdb.org/t/p/w300/a8HgBYznzCVcedZIZggmvksPsvP.jpg
1215780.0,https://image.tmdb.org/t/p/w300/9XApQ5diR73CNkdBLjbdtzVgmfd.jpg
1217185.0,https://image.tmdb.org/t/p/w300/1XogsRaTx7XQWLos830E6WQVmP9.jpg
1055338.0,https://image.tmdb.org/t/p/w300/nn5Sq8o0e7NyMQMjF2ScQt9sqK5.jpg
1204186.0,https://image.tmdb.org/t/p/w300/keoXHNyVsHYgEOqqFE0xHJfkfs8.jpg
1187970.0,https://image.tmdb.org/t/p/w300/x9b8hicWpJcUObOpkrZuTPMbMVZ.jpg
1218057.0,https://image.tmdb.org/t/p/w300/zOUglmWok6HzILOL429ysjwbQeU.jpg
991197.0,https://image.tmdb.org/t/p/w300/vcrexs3T5AfYaMCijwYWitrmWfA.jpg
1051486.0,https://image.tmdb.org/t/p/w300/u0f38Y6Q2dxSfIMPNgbm8ypEa4q.jpg
605722.0,https://image.tmdb.org/t/p/w300/rXbgn0NKeBOGyqUGa6hpYF996A6.jpg
1218469.0,https://image.tmdb.org/t/p/w300/7Kl2yjKv6frv1pvwuRRwiVg6DUO.jpg
1218594.0,https://image.tmdb.org/t/p/w300/m6Wsky0CPETtIHRkOduCGc63E6W.jpg
1218297.0,https://image.tmdb.org/t/p/w300/sGKrTHAFDxQJOHBOhUO9pelilJn.jpg
1171462.0,https://image.tmdb.org/t/p/w300/34yH5YQTOlulj2gSdXnkrWlbzyc.jpg
1218272.0,https://image.tmdb.org/t/p/w300/mUaLyLBBVgFEzMQMQ23t5SnivBY.jpg
1218243.0,https://image.tmdb.org/t/p/w300/oLTgPljP7h2tH8qq93c2GfcJ6W5.jpg
1218238.0,https://image.tmdb.org/t/p/w300/rPs46fVIY8P2PjQiSVh0o1wqklb.jpg
1143322.0,https://image.tmdb.org/t/p/w300/2vhxgOB5wIrJ25gcSDhmfCOTDSB.jpg
1183092.0,https://image.tmdb.org/t/p/w300/6RXIa76OFusMQuvfCoPz448Mv3B.jpg
1153896.0,https://image.tmdb.org/t/p/w300/d3F47BLiIUiLWYZtKCTHdJ4fC11.jpg
1028769.0,https://image.tmdb.org/t/p/w300/qsNc0L6Qqv1qNhafubr7SmlsVQq.jpg
1126027.0,https://image.tmdb.org/t/p/w300/aMIMCfRDPpdmLEiPNJonUTIs0e1.jpg
1148713.0,https://image.tmdb.org/t/p/w300/ghnjd9iFvGDaYjEMzcLzKxULAmG.jpg
1187574.0,https://image.tmdb.org/t/p/w300/2ucouLI7iSh2xI3MvNmLVKIEKOo.jpg
921145.0,https://image.tmdb.org/t/p/w300/rKl2VShdV3qbIWV0WuM9igvEQjT.jpg
1074435.0,https://image.tmdb.org/t/p/w300/kRofvR2SwUpTw3H0h2NmL5d1iWc.jpg
995171.0,https://image.tmdb.org/t/p/w300/wHupIgAdjLkCJBJpSrCVy0YHsA6.jpg
1038860.0,https://image.tmdb.org/t/p/w300/1y0WhVSCBVnhdmhgtByPexKFZEy.jpg
995808.0,https://image.tmdb.org/t/p/w300/1QkL1RP6uCudLbaX6KUdcxRpdfx.jpg
1060925.0,https://image.tmdb.org/t/p/w300/fFlr9VyogHD4PphhaIlaqva3nhC.jpg
1001112.0,https://image.tmdb.org/t/p/w300/mZk7PWOIQAU0sG30XSCyJRPIPhp.jpg
1082063.0,https://image.tmdb.org/t/p/w300/lKWngZpR7fbhOXILglCuUmrK7jn.jpg
944368.0,https://image.tmdb.org/t/p/w300/r4CPCCCpu0KxBjiFmmDU3aji6w4.jpg
999191.0,https://image.tmdb.org/t/p/w300/34m5jM5x0F7FfiQUAGcxSYDPQBz.jpg
891933.0,https://image.tmdb.org/t/p/w300/qy3ebryFg9QOX6F77iv5pG3gfwr.jpg
851476.0,https://image.tmdb.org/t/p/w300/qomdfs14SSGN7kD7RIrnxo4Xz0W.jpg
1086683.0,https://image.tmdb.org/t/p/w300/wS32tEUuD2myys95H5jGi7rkXej.jpg
1032321.0,https://image.tmdb.org/t/p/w300/z8SrTWIkMkOoSocCZAdJU12m7rn.jpg
1104070.0,https://image.tmdb.org/t/p/w300/cgS3rbGImJAMdtJLkjbIts0v4om.jpg
1047917.0,https://image.tmdb.org/t/p/w300/b4cZ2vg2NuGfe9YKhfYEHk2WNjt.jpg
790462.0,https://image.tmdb.org/t/p/w300/heKmiVlYRXC1h9by70oUQfsKCeW.jpg
986175.0,https://image.tmdb.org/t/p/w300/c46qAzRJC5xvJbpzNdSiPLtEiwI.jpg
1081680.0,https://image.tmdb.org/t/p/w300/botdFvlAeozAD7s2GPNWKugUVxV.jpg
1213305.0,https://image.tmdb.org/t/p/w300/oEk8fc2sGws1iyuKaZuWht6EN0v.jpg
962318.0,https://image.tmdb.org/t/p/w300/mw2z8BvlnbvmK0NaxwedsjLj4nR.jpg
1045770.0,https://image.tmdb.org/t/p/w300/9jlGTo6GiHeri1lx2czChvLzTO3.jpg
1214872.0,https://image.tmdb.org/t/p/w300/AbNfCN52gfJmH1ltiZTA2yTsfHq.jpg
995746.0,https://image.tmdb.org/t/p/w300/gAaNdxUZzT3XXTmmn5eC5QHc9nh.jpg
587563.0,https://image.tmdb.org/t/p/w300/hMIJjyNX0MYRONGMqDPxdBmWHGq.jpg
1053511.0,https://image.tmdb.org/t/p/w300/yMc5XFveHqgZo519gQ9xcRwW5y1.jpg
730256.0,https://image.tmdb.org/t/p/w300/bUu7SvOmSOyT0VWYh7hyJRSEqAX.jpg
1056746.0,https://image.tmdb.org/t/p/w300/24PhEVEIRA8gIqT9X7c82MRbVVr.jpg
1108355.0,https://image.tmdb.org/t/p/w300/e2Ni6VHIMHmQJzsrkNEaZpH6ZrF.jpg
1218848.0,https://image.tmdb.org/t/p/w300/v7JILr28CdpdnPCX2d35J0e1ka9.jpg
1218461.0,https://image.tmdb.org/t/p/w300/5yOoa1xhEQs36nque4Sqo4ikbZ8.jpg
1104107.0,https://image.tmdb.org/t/p/w300/ubWLoQJrbgU83tVfkbCiUYK1Tqw.jpg
712022.0,https://image.tmdb.org/t/p/w300/bZWMBgRaxShw3itnefZnS4s2I42.jpg
772431.0,https://image.tmdb.org/t/p/w300/zbfuyRiuOwZqfBosrNQcH8eWgKV.jpg
1218460.0,https://image.tmdb.org/t/p/w300/zimFs1CwzNix304zvhYcTkmkDMB.jpg
716869.0,https://image.tmdb.org/t/p/w300/zSOdLc7JpoexSJaAOWDskardxRk.jpg
1180196.0,https://image.tmdb.org/t/p/w300/gZwbAlDpYLl259O2TZ7HCUdyLJp.jpg
1006817.0,https://image.tmdb.org/t/p/w300/dqnisgxxVUxE3zLbUKhMOyCNoQp.jpg
1022659.0,https://image.tmdb.org/t/p/w300/xfyUgYrYC9EI4Rvj5d0iAJ79FYx.jpg
1055451.0,https://image.tmdb.org/t/p/w300/ohzLPC9lHUWseBgB7HRcz0GBkFb.jpg
1132472.0,https://image.tmdb.org/t/p/w300/mKjfaYWT6yzrZcjNutdg5v4Gdyz.jpg
1022154.0,https://image.tmdb.org/t/p/w300/3WlKCLLgJU9Y0kub8VFxmVR0aJu.jpg
982202.0,https://image.tmdb.org/t/p/w300/aV9lXTLFIbiM9gTcjcU13Bpluvr.jpg
1019864.0,https://image.tmdb.org/t/p/w300/5DCzTbpLBc8GIFD9hgJ663iHZHg.jpg
1217632.0,https://image.tmdb.org/t/p/w300/mB6S6q4lx1QSzXY2ePpA9vL6Tks.jpg
1192919.0,https://image.tmdb.org/t/p/w300/77uGTSoDM5Do4Ic2gKIpzYGV4d4.jpg
1101291.0,https://image.tmdb.org/t/p/w300/9apFih5oPJ18xk0zyWbSHPzl1fy.jpg
785429.0,https://image.tmdb.org/t/p/w300/jLFIy4pes1ZSA9a7h48Li9dBeaG.jpg
1185207.0,https://image.tmdb.org/t/p/w300/c6C4I52rfQn7sem9KTPkr9Ha6uZ.jpg
1182222.0,https://image.tmdb.org/t/p/w300/ghjHQ5rbd3iJMqh3SNi30ug9m2Q.jpg
956262.0,https://image.tmdb.org/t/p/w300/tV0hK1BiqYrYlehChv4WJXIWgmZ.jpg
1083412.0,https://image.tmdb.org/t/p/w300/eblDm8uHzXNwKwmiYQZTcmyLkno.jpg
976584.0,https://image.tmdb.org/t/p/w300/hZuq34U1dWuIIWgTa6wZNPeDinS.jpg
1174260.0,https://image.tmdb.org/t/p/w300/gxFeyXbZI2tgAJbM7A2yGBMe1sr.jpg
960135.0,https://image.tmdb.org/t/p/w300/4vlVPsyHIghHNZoXYGxT4ZAIHV0.jpg
1069737.0,https://image.tmdb.org/t/p/w300/xM6O3jOE0j8uCdMQtWYzibXqFb0.jpg
994505.0,https://image.tmdb.org/t/p/w300/uoTWz3l83CS5lgs70Bvf7fAK9hh.jpg
1213969.0,https://image.tmdb.org/t/p/w300/44ct6jnT35XENwBZJJAiJ9kXshH.jpg
1188796.0,https://image.tmdb.org/t/p/w300/2KCsOZdhaNeBrDLspxhAeH1dLaQ.jpg
1214477.0,https://image.tmdb.org/t/p/w300/A12M2gEA2xt67DjxLLFgvGIhbnL.jpg
1034158.0,https://image.tmdb.org/t/p/w300/fCZNIxEcpUDEnywcoShl4JZa1Y4.jpg
1143047.0,https://image.tmdb.org/t/p/w300/6YpxiuBoOOhm1BG6VEQBTZzk9G5.jpg
1143044.0,https://image.tmdb.org/t/p/w300/Ac56TurA7B6bRlCIxQ2Zxa0nC4w.jpg
1193321.0,https://image.tmdb.org/t/p/w300/clw1OYewWCyZBS7hPq06FDn0uvw.jpg
1132348.0,https://image.tmdb.org/t/p/w300/oPQnV3fdr1s8KiHVXXXNrNiEA9x.jpg
1143034.0,https://image.tmdb.org/t/p/w300/2VXYtcvenuWzB2cRp4aITd4LmtO.jpg
719221.0,https://image.tmdb.org/t/p/w300/gAEUXC37vl1SnM7PXsHTF23I2vq.jpg
1193323.0,https://image.tmdb.org/t/p/w300/pTMARgu2XU44ssxOYFKa3OQl3P.jpg
1110836.0,https://image.tmdb.org/t/p/w300/2oXDpvRJcRs47EtxkzaWqw5MmKS.jpg
1182565.0,https://image.tmdb.org/t/p/w300/qON7ylqXPhjIdp9DrN4t0Bpih19.jpg
1204228.0,https://image.tmdb.org/t/p/w300/5xL94XjDDjVzu0mLxVwA1lhEF6f.jpg
1189676.0,https://image.tmdb.org/t/p/w300/86smfQwQPC81j02ELmalmQZu2OL.jpg
1142906.0,https://image.tmdb.org/t/p/w300/ecYTEmn3JBZyWbqwzjmBFfGvi3U.jpg
299054.0,https://image.tmdb.org/t/p/w300/iwsMu0ehRPbtaSxqiaUDQB9qMWT.jpg
678512,https://image.tmdb.org/t/p/w300/qA5kPYZA7FkVvqcEfJRoOy4kpHg.jpg
s://image.tmdb.org/t/p/w300/pi16aubY3qFKJWAh4npvm03ERkH.jpg,
1538.0,https://image.tmdb.org/t/p/w300/iOpi3ut5DhQIbrVVjlnmfy2U7dI.jpg
11253.0,https://image.tmdb.org/t/p/w300/fGQAO4RgUzspO7L4u5KXirIn34s.jpg
416494.0,https://image.tmdb.org/t/p/w300/E4twRNScyq3g6tRpvK6X8LdD1z.jpg
619778.0,https://image.tmdb.org/t/p/w300/dGv2BWjzwAz6LB8a8JeRIZL8hSz.jpg
7446.0,https://image.tmdb.org/t/p/w300/zAurB9mNxfYRoVrVjAJJwGV3sPg.jpg
84308.0,https://image.tmdb.org/t/p/w300/2z41S2F2EYJqmm0X501RDI4xToY.jpg
710.0,https://image.tmdb.org/t/p/w300/z0ljRnNxIO7CRBhLEO0DvLgAFPR.jpg
300665.0,https://image.tmdb.org/t/p/w300/nV7LPlyhUxKn5y0nuItCr8D1OSu.jpg
579047.0,https://image.tmdb.org/t/p/w300/17siH6wJRQ2jZiqz9BWUhy1UtZ.jpg
241829.0,https://image.tmdb.org/t/p/w300/8V7FDbfxqgA6rKTEYOKpgeORPFV.jpg
397243.0,https://image.tmdb.org/t/p/w300/6K0wjP8kPCiPYy9PtXBGuypyt5I.jpg
1142615.0,https://image.tmdb.org/t/p/w300/9juGLYYestTDvzP6TUXGCLEpuJG.jpg
646749.0,https://image.tmdb.org/t/p/w300/5fGULTfD8pcbI8N8YExRKgy4PGn.jpg
9360.0,https://image.tmdb.org/t/p/w300/1G3tE98K1dtsVzSgpevzboKEyXK.jpg
10285.0,https://image.tmdb.org/t/p/w300/uZNsMWE5o1PaBEUjfRYaeZga08q.jpg
26338.0,https://image.tmdb.org/t/p/w300/wwjIHZdrozHHfM54ieDlz0VRXCS.jpg
654974.0,https://image.tmdb.org/t/p/w300/fP3VvqUjEBjawxZHL4sYCq2ZdJD.jpg
1061617.0,https://image.tmdb.org/t/p/w300/4gIHOuxO94QJ6Bg7e1kNuiHdKQ.jpg
1107550.0,https://image.tmdb.org/t/p/w300/fnrKp98LGLaYC5a29fNAQSxGYIl.jpg
552532.0,https://image.tmdb.org/t/p/w300/8oiMFMarbRpcusASIX4cjVXoZKI.jpg
308266.0,https://image.tmdb.org/t/p/w300/uH9qGH5XS1iZXCSb3tgu40dxQoh.jpg
375846.0,https://image.tmdb.org/t/p/w300/jKrIlgfJPIWNeowaOZPBZuOPmq0.jpg
772515.0,https://image.tmdb.org/t/p/w300/7NhG3NClQ1xrc3kEwTiwFht5Y3L.jpg
15015.0,https://image.tmdb.org/t/p/w300/ysiGzuMSc0nFmmDPn9z7U7YSFYf.jpg
61012.0,https://image.tmdb.org/t/p/w300/9ZDOzeSzjurGnQYokbRI0hJnmk6.jpg
227859.0,https://image.tmdb.org/t/p/w300/yk8xDUbvnJIElgnkW3YZ3eAwiLO.jpg
1788.0,https://image.tmdb.org/t/p/w300/9JEDjBCXCx3eKTSkXwispf0UN3O.jpg
378236.0,https://image.tmdb.org/t/p/w300/f5pF4OYzh4wb1dYL2ARQNdqUsEZ.jpg
819.0,https://image.tmdb.org/t/p/w300/yUpiEk2EojS9ZEXb3nIQonQCYYF.jpg
45610.0,https://image.tmdb.org/t/p/w300/A9gRYTyNLGJuxHmqdGM5UxHxJtB.jpg
16907.0,https://image.tmdb.org/t/p/w300/imBsBkySpNJ4eXZxpRnbfSl2mwn.jpg
17609.0,https://image.tmdb.org/t/p/w300/7dZolgPm00vOd7RxWOMf94pA67J.jpg
728754.0,https://image.tmdb.org/t/p/w300/vBv8iOFPLnXmtELUjcFc7OKHsR4.jpg
11361.0,https://image.tmdb.org/t/p/w300/rYvP6yMXCIVHnkVtwGaAXFmpzkB.jpg
75174.0,https://image.tmdb.org/t/p/w300/a0Vt3wx8ciKmPt4iXPx9sH4HBVU.jpg
257211.0,https://image.tmdb.org/t/p/w300/9UoAC9tu8kIyRy8AcJnGhnH0gOH.jpg
11631.0,https://image.tmdb.org/t/p/w300/zdUA4FNHbXPadzVOJiU0Rgn6cHR.jpg
4108.0,https://image.tmdb.org/t/p/w300/v3QIFUWgtVN4wejVuDZowuyJ20W.jpg
11674.0,https://image.tmdb.org/t/p/w300/8o2ADoAyG796UwTjwBFjPyBz0yG.jpg
119321.0,https://image.tmdb.org/t/p/w300/i0zImtsknzWLl5OvAQ23Y3gfEYZ.jpg
1079078.0,https://image.tmdb.org/t/p/w300/yZ6rd29u0Z4ICp4QVSXm1uQ7gjy.jpg
1012837.0,https://image.tmdb.org/t/p/w300/VpqbGLrYGkLCYbAo3cbCIRdJEh.jpg
62835.0,https://image.tmdb.org/t/p/w300/rEdGDgRB3gducezNSIyx2lbKQy4.jpg
46529.0,https://image.tmdb.org/t/p/w300/973sCL0OjAk2Igq46SDwhyDFv3n.jpg
16353.0,https://image.tmdb.org/t/p/w300/sGyB8kVPQsofyQV1T0jE2d6k4q4.jpg
17578.0,https://image.tmdb.org/t/p/w300/mKYkNro2btaWMsnYSuyqrBdHQo3.jpg
332567.0,https://image.tmdb.org/t/p/w300/4ywiYcrY3viRIaeNrXjq0wejTtj.jpg
74513.0,https://image.tmdb.org/t/p/w300/xpe9F3214mNrk8tnIqZvHSmIV1I.jpg
917242.0,https://image.tmdb.org/t/p/w300/7msfLAfZWe0XHK89Y55wxWuXT1l.jpg
851926.0,https://image.tmdb.org/t/p/w300/aTeIbfXXXzHwzIC95TJjDIzdEDZ.jpg
917363.0,https://image.tmdb.org/t/p/w300/dc6VJUFGBKBZMzeoAFh6r1f2fmM.jpg
851869.0,https://image.tmdb.org/t/p/w300/cDiaLison5X0pD5Nw79QfI5N1OT.jpg
851872.0,https://image.tmdb.org/t/p/w300/ry9qC5wNqxQNn9NbgxzclxBXyl5.jpg
982782.0,https://image.tmdb.org/t/p/w300/9PFYPsFqwin0EKcYIOlZytP8spl.jpg
917364.0,https://image.tmdb.org/t/p/w300/aK90JMR5zU3OXaQtEGldpK7zUBp.jpg
1048254.0,https://image.tmdb.org/t/p/w300/lOP46RIow2l1sW0R9JeOexZTw5j.jpg
1114049.0,https://image.tmdb.org/t/p/w300/g76gKMJi0BlzvSEAcUjHb1wGR7Y.jpg
1114072.0,https://image.tmdb.org/t/p/w300/uT9xDfnm5bS3Myml41X15gVIzj7.jpg
1113979.0,https://image.tmdb.org/t/p/w300/pNpWFQLnnHUoC0HnsRqouKJcJLW.jpg
1113951.0,https://image.tmdb.org/t/p/w300/u2RtAtYy71ll0TSJCSPREqmKoto.jpg
1179571.0,https://image.tmdb.org/t/p/w300/nAPnIaFzFdYeCVoWWYYBnNNHo13.jpg
983015.0,https://image.tmdb.org/t/p/w300/yfhTImUxx9MN8BtW01DgUpLcvql.jpg
983012.0,https://image.tmdb.org/t/p/w300/xij84f4yZ5Wslctm9i1AsBdVH96.jpg
1159242.0,https://image.tmdb.org/t/p/w300/5y07aYtq5j2RUIYZHLVZ6GzQk58.jpg
1179499.0,https://image.tmdb.org/t/p/w300/6eSwnP5mz0uC2p1SVLhXNbfuoIK.jpg
1179517.0,https://image.tmdb.org/t/p/w300/80X7Rn5U23PVFMHWVFpb16Rlxvx.jpg
458654.0,https://image.tmdb.org/t/p/w300/gIDYX1ZJYO4GA64rqPl1F5iNvy7.jpg
1048267.0,https://image.tmdb.org/t/p/w300/yfIe5vvnVZw5vr3G5bRdACAdnJs.jpg
524262.0,https://image.tmdb.org/t/p/w300/tVd4dUS2xrC3YCqy70ZV7antlEV.jpg
1179600.0,https://image.tmdb.org/t/p/w300/zSImQHmPhNSnqOX1fSH4bXbMhxE.jpg
655342.0,https://image.tmdb.org/t/p/w300/grmaVOtpJEtLjfzgbkqNgXr41LN.jpg
442843.0,https://image.tmdb.org/t/p/w300/iSEvVff1pzWOnEXTyKmGeJRqFf4.jpg
1114002.0,https://image.tmdb.org/t/p/w300/rYWMdfKHDirBAFQhfhPhB52VHyG.jpg
507952.0,https://image.tmdb.org/t/p/w300/jmzXhEiBCqX5aonYRbss3Xh8B07.jpg
458632.0,https://image.tmdb.org/t/p/w300/uxLZHBqFfXNCjHnkx97HGbu5GsT.jpg
655030.0,https://image.tmdb.org/t/p/w300/muaT3DVrEZK3nJhDJeaaf32nIGK.jpg
1113782.0,https://image.tmdb.org/t/p/w300/6uvE6PY4QcOmPg34nf52FngN2hk.jpg
589690.0,https://image.tmdb.org/t/p/w300/yChmqNC6MywifgHV71FDFZCivEH.jpg
786136.0,https://image.tmdb.org/t/p/w300/fSiSeiVgzWYvNKyKQ3L9Z6IZENB.jpg
851748.0,https://image.tmdb.org/t/p/w300/aUf0jyZb7H7V9dImKPZcbwmGa3D.jpg
786135.0,https://image.tmdb.org/t/p/w300/yQ1oWBUWBON8t6V4dbazzQtBqcz.jpg
851766.0,https://image.tmdb.org/t/p/w300/mZlnJ5Sca1PWc7YU7PEgrBsiUBS.jpg
945956.0,https://image.tmdb.org/t/p/w300/ur4l1AEvjd6fNEt9w07SG77WkR2.jpg
1159499.0,https://image.tmdb.org/t/p/w300/hJV2VS6Po9OnQES3q4p1sgupQA1.jpg
1196063.0,https://image.tmdb.org/t/p/w300/4cPh1SkPK9EmlD6uRNkZfktUkUo.jpg
1196519.0,https://image.tmdb.org/t/p/w300/5RVMzcpHmyj87ORyUP5WpbXnhCl.jpg
1196646.0,https://image.tmdb.org/t/p/w300/dNMixF6eOe4DdmsBI89mr62VPNU.jpg
1000143.0,https://image.tmdb.org/t/p/w300/yb0yWhR63j6dlH3LmY6ajMubY3Y.jpg
1213962.0,https://image.tmdb.org/t/p/w300/bHDvNiV1kr1JSeXysCMDdPadgM0.jpg
959098.0,https://image.tmdb.org/t/p/w300/dVGcZqmr0wV4VRDTksyUMW28kGp.jpg
1078249.0,https://image.tmdb.org/t/p/w300/1T1nn9fAb1N46knsqaBiIpxm4M2.jpg
1192318.0,https://image.tmdb.org/t/p/w300/bLF9wOBpuiV9HeE33gTle4kvJKV.jpg
1140222.0,https://image.tmdb.org/t/p/w300/liMVWWJO9mcA8q7YXDgrEKWquEE.jpg
1208945.0,https://image.tmdb.org/t/p/w300/32G7dLNNhtbQ8ekU1xQ7notj9JO.jpg
1201059.0,https://image.tmdb.org/t/p/w300/6BdWwIX2ZunRA6iqQH1xITWFehm.jpg
1186282.0,https://image.tmdb.org/t/p/w300/wA1WAVY5gn1mlidKcw65TKUvjH.jpg
1086576.0,https://image.tmdb.org/t/p/w300/oAvYFHMlqb6jkemSrOKivxiJGdS.jpg
1180598.0,https://image.tmdb.org/t/p/w300/4jIwSvewxkE269Ish5BNSVuavMN.jpg
952022.0,https://image.tmdb.org/t/p/w300/rjqL9v42DguyaKhd1SNkLnTXKx3.jpg
1204906.0,https://image.tmdb.org/t/p/w300/7zURUYIeMYynNwHDLUIzaup2bi.jpg
1142611.0,https://image.tmdb.org/t/p/w300/b3vciZQgZEVMkFnruEztpczOvkr.jpg
1214366.0,https://image.tmdb.org/t/p/w300/xZiJ4AEo5wMn2E80rzafbtDlA4m.jpg
1206853.0,https://image.tmdb.org/t/p/w300/g25gpKWhsyR2mBoTh0S924AHKuU.jpg
1217101.0,https://image.tmdb.org/t/p/w300/7vf52jvumIw0pCGp5mCHd1LWyXo.jpg
1209095.0,https://image.tmdb.org/t/p/w300/fclsxjx6rSnEhO2LYjGZXCalOBn.jpg
1216995.0,https://image.tmdb.org/t/p/w300/q8VuS2dM0BH0D2RW9wWtpB7kdNj.jpg
1211067.0,https://image.tmdb.org/t/p/w300/8xmVaboEO1YagkBk3cZw6aC7qMn.jpg
269579.0,https://image.tmdb.org/t/p/w300/tlIlnukPAESeSRu76MDUSWE9cTY.jpg
1175229.0,https://image.tmdb.org/t/p/w300/zycaV7b29KdFqr7XfxFrkgzU1gU.jpg
1170946.0,https://image.tmdb.org/t/p/w300/rnCWfzFGiJo3zppS7ZXjvpJVdmT.jpg
1143037.0,https://image.tmdb.org/t/p/w300/sVqlHl2CokdooNus11GxImLZHaR.jpg
1218775.0,https://image.tmdb.org/t/p/w300/11xlqdDkX4TVxTyLdb7sHREgVc9.jpg
1202989.0,https://image.tmdb.org/t/p/w300/lQS2NANlTnh2fkI4L754T7XngHu.jpg
1168117.0,https://image.tmdb.org/t/p/w300/zASsyPV3i69ZNOjNncUTB0shrtm.jpg
1199748.0,https://image.tmdb.org/t/p/w300/coa9w17NxpxByaPEqf57LVvZPU9.jpg
1209412.0,https://image.tmdb.org/t/p/w300/o1jLykSMnQI7SDJLNYrdJ6jHDSj.jpg
1212667.0,https://image.tmdb.org/t/p/w300/gwnjLH4UHmLc06sZCFuSXIXlXp5.jpg
1150425.0,https://image.tmdb.org/t/p/w300/lDyxUgRoB2AtTi0IEn5pwPFHrRK.jpg
1122715.0,https://image.tmdb.org/t/p/w300/7UG7IexpoJyApmYswqTwZ7qVWtc.jpg
1216164.0,https://image.tmdb.org/t/p/w300/1HdLUVU9PRCZibG0wKECYI3sF9Q.jpg
1218040.0,https://image.tmdb.org/t/p/w300/zZwPot7StDN5qZekiiqa6CQ3FmW.jpg
1217197.0,https://image.tmdb.org/t/p/w300/rspm8tSeRMW1ytJiv2EgxZx1l5D.jpg
1218666.0,https://image.tmdb.org/t/p/w300/bTwpavJPKoPIXFNWKOqXGL4G6yM.jpg
1216438.0,https://image.tmdb.org/t/p/w300/pd1V9AArCMu3EnLNAae6u48UF6M.jpg
1216143.0,https://image.tmdb.org/t/p/w300/wQ6N5qNC5VI3sIhmRxlLredMFik.jpg
1176848.0,https://image.tmdb.org/t/p/w300/pDyNzZMrc7LCcfciq7rLUU13Tmi.jpg
1167813.0,https://image.tmdb.org/t/p/w300/5P2BnFgZkPNXODggmip3jsm3wDu.jpg
1128750.0,https://image.tmdb.org/t/p/w300/nTZXewZ7dYxJniDKtscPjxiTyp8.jpg
1112305.0,https://image.tmdb.org/t/p/w300/f8HdigE8wlQHee6q3Vm6PqCh3ue.jpg
910784.0,https://image.tmdb.org/t/p/w300/1dCwER64cT4DnbnEM1HFIdCdYyI.jpg
1007826.0,https://image.tmdb.org/t/p/w300/wj1VRcVsh39nkxLkZP8tuGd96tc.jpg
955179.0,https://image.tmdb.org/t/p/w300/yg2ihSPbqy7B7V74VXBBTY1MVmu.jpg
1084812.0,https://image.tmdb.org/t/p/w300/5qBCsbbQQ1AP5O0xj9vguaJPlwz.jpg
1202107.0,https://image.tmdb.org/t/p/w300/mgdXOCxKARLs6pR099xIMcPL62R.jpg
1213202.0,https://image.tmdb.org/t/p/w300/7AnlL3xuOUVGE8DRb3eilY25w8q.jpg
1205066.0,https://image.tmdb.org/t/p/w300/h8dNsrI2sKFoJWFplVoKyr2V7YC.jpg
1208069.0,https://image.tmdb.org/t/p/w300/AnFKixyzcrTKVcMhK6Nfe5OmmhK.jpg
1210627.0,https://image.tmdb.org/t/p/w300/fXKU7cJQXnhucDR4P65qarmxxrZ.jpg
933131.0,https://image.tmdb.org/t/p/w300/zVMyvNowgbsBAL6O6esWfRpAcOb.jpg
1172604.0,https://image.tmdb.org/t/p/w300/29QMWjc65fgsDj8W2Z9X0nmiF65.jpg
1216280.0,https://image.tmdb.org/t/p/w300/2ifGC34WHZvrTIIZqUp7QzIfKQD.jpg
1215072.0,https://image.tmdb.org/t/p/w300/m5iRpwNR2DUTRI4vyfFFyKg2BuD.jpg
1215064.0,https://image.tmdb.org/t/p/w300/r9N6tXFRtUwWcwkMZvYKvaNSLbm.jpg
1214776.0,https://image.tmdb.org/t/p/w300/SgwVRSSQUqBO1l6d6edo89xGWd.jpg
1214957.0,https://image.tmdb.org/t/p/w300/vUk4N7UrFC0ZzyK7m9hCU2vXw4b.jpg
586353.0,https://image.tmdb.org/t/p/w300/wJdzDRy0j4xwHFmHA2vBa4plWQv.jpg
1038874.0,https://image.tmdb.org/t/p/w300/sMnLaMTWYb19naUBTkcj099bX0M.jpg
1181566.0,https://image.tmdb.org/t/p/w300/oLhBayrRmdZ3M5hWQPtl2trNcDx.jpg
1192209.0,https://image.tmdb.org/t/p/w300/j1Rjw6a62UwrbTNT0I3JzZnnCmr.jpg
1004284.0,https://image.tmdb.org/t/p/w300/cldpXsHoPD3VAPnDRv8esUBriUM.jpg
1218587.0,https://image.tmdb.org/t/p/w300/Fsp1ivlGXdqPnGXIjmMKuR2zES.jpg
857260.0,https://image.tmdb.org/t/p/w300/whK9TBJxEwqWY8jI9ZdMAmknRlC.jpg
1137789.0,https://image.tmdb.org/t/p/w300/1KR6dvX8xH3vmhqXQPUEHM43WOy.jpg
1177334.0,https://image.tmdb.org/t/p/w300/qhUDzoDiM76v0wEJH6WhOEJrNGl.jpg
1171004.0,https://image.tmdb.org/t/p/w300/3VtYuxv39anmiUIp2V0Gct6jd8N.jpg
1207104.0,https://image.tmdb.org/t/p/w300/4hUog0FLxLYVJHZPlqMjt47M52W.jpg
1191434.0,https://image.tmdb.org/t/p/w300/vRyuUn1VvBoTVvTyytQ0B8qsPy.jpg
1206174.0,https://image.tmdb.org/t/p/w300/8IQvAH5PI1CKTzrAejxtsC29hLX.jpg
1208971.0,https://image.tmdb.org/t/p/w300/nr3eciqcu0CMMuXnIWHGbIURhbn.jpg
1205918.0,https://image.tmdb.org/t/p/w300/mV56EJt8buyzHEzzzNw8DokdsV1.jpg
1205899.0,https://image.tmdb.org/t/p/w300/jmabezNDeawazVGlRxZYVAaNVsB.jpg
1213764.0,https://image.tmdb.org/t/p/w300/uhz3K0PqtnpuA1bK9qjlWB6o7We.jpg
1215011.0,https://image.tmdb.org/t/p/w300/8FKSgyLS3ns9WyGvNuL17tczOWb.jpg
1210428.0,https://image.tmdb.org/t/p/w300/d6cWZpjfpDx7qJ3z66bogzR8HME.jpg
1218172.0,https://image.tmdb.org/t/p/w300/gYztdmzclJdqlBY3yWcWdpuOg7q.jpg
1214952.0,https://image.tmdb.org/t/p/w300/pDDVpC0QpW4O4W5YQB5qgpoWL45.jpg
1217409.0,https://image.tmdb.org/t/p/w300/gFRBXcyCqAvLRLh55eXYXkRxZ4r.jpg
1209432.0,https://image.tmdb.org/t/p/w300/q6sfj83zra6Qw6p4i6pntiz49ed.jpg
1209403.0,https://image.tmdb.org/t/p/w300/sgEL911DWt5sC9cmsXlKae2mFbY.jpg
958855.0,https://image.tmdb.org/t/p/w300/nA3pf2RKX9wJHIZ7cmhvgvD2rM6.jpg
1037827.0,https://image.tmdb.org/t/p/w300/dWMEWwGHSrFe5wSkajweI0c1QIH.jpg
1214454.0,https://image.tmdb.org/t/p/w300/eKoQpM6dpM2OYXbTPLAtZ0EKa5x.jpg
1211740.0,https://image.tmdb.org/t/p/w300/utYs62GJAK4m6xxUL8tu3e2w82f.jpg
1001008.0,https://image.tmdb.org/t/p/w300/cHOBNbYquynF4DmdKGhHIvZM5RI.jpg
1218175.0,https://image.tmdb.org/t/p/w300/2VXrJk5zAnPn1L9C85wX8YHBn6G.jpg
1214521.0,https://image.tmdb.org/t/p/w300/aI8RCjfrN3KaxTjosUQTWhNtzoQ.jpg
1214508.0,https://image.tmdb.org/t/p/w300/uw2qZcJkHCbYF8hR3Kz5qnO2Nom.jpg
1214499.0,https://image.tmdb.org/t/p/w300/4fgmDXxjMk1wc88KGlZJvbkJzf2.jpg
1214489.0,https://image.tmdb.org/t/p/w300/tGbT5zZLYoR4An5VccFrsVNkdR0.jpg
1214488.0,https://image.tmdb.org/t/p/w300/7A4x0D1gNTpmMn9E9BW9hWiaOkv.jpg
1214502.0,https://image.tmdb.org/t/p/w300/3tnku456kmpfFHiSo1tvB4I5qpe.jpg
1214457.0,https://image.tmdb.org/t/p/w300/fzCnqwbRN0iDV31LMxr5OIx70Z7.jpg
1214549.0,https://image.tmdb.org/t/p/w300/ffanDRkrumddWkD216G0bMbawOg.jpg
1214554.0,https://image.tmdb.org/t/p/w300/6aO7f1J5kr8SlSqHnHpYawzHPAS.jpg
1214542.0,https://image.tmdb.org/t/p/w300/3BRzpMByXLM1HgBrrDfBhWiiolq.jpg
1214551.0,https://image.tmdb.org/t/p/w300/r3srCXNVCofC5gu83HTgBgqbQ8Q.jpg
1214537.0,https://image.tmdb.org/t/p/w300/dyTzUBSlsrAA3JrxHynkhPEgT72.jpg
1214539.0,https://image.tmdb.org/t/p/w300/8WEWWVc4ZCbid4hFuD8MaAuyNZ0.jpg
1214533.0,https://image.tmdb.org/t/p/w300/rhdZrql0M1dFWDJvcdtqF6KJsaS.jpg
1214522.0,https://image.tmdb.org/t/p/w300/1Ssw9BA1M2oqqbbmP3CIan9jLhA.jpg
1214559.0,https://image.tmdb.org/t/p/w300/37NEYul4W76sdxN7MJdH9EZPczw.jpg
1218491.0,https://image.tmdb.org/t/p/w300/8WScyJh4KG5Nx8oXrFBdyPyg7Td.jpg
1189653.0,https://image.tmdb.org/t/p/w300/2S9jrpqdcTT94gZjhk3v4KCDtZ1.jpg
1214980.0,https://image.tmdb.org/t/p/w300/sotu84VEDKCj3JGqvJMIUyc9D4p.jpg
1218498.0,https://image.tmdb.org/t/p/w300/8WScyJh4KG5Nx8oXrFBdyPyg7Td.jpg
1214557.0,https://image.tmdb.org/t/p/w300/xGu8bMkgzxLgPOtkJ8ZOR4wpyB6.jpg
1214558.0,https://image.tmdb.org/t/p/w300/sJRoZURCj8WpwhH07RbzaAcssvs.jpg
1125311.0,https://image.tmdb.org/t/p/w300/9u6HEtZJdZDjPGGJq6YEuhPnoan.jpg
1218694.0,https://image.tmdb.org/t/p/w300/9xriJIWkuzI3qojDOBGGh4uocj5.jpg
1218340.0,https://image.tmdb.org/t/p/w300/t5KFJ4Ja0yyGIk77oGW5K2nHYwN.jpg
1217167.0,https://image.tmdb.org/t/p/w300/aKMRkQiXpZvaIiYzfvj4JeNgjfP.jpg
1211886.0,https://image.tmdb.org/t/p/w300/5bYf4VgHR0NNqxGRXJfGRSCwsmQ.jpg
1214506.0,https://image.tmdb.org/t/p/w300/rZ9EE7A1oLvVzYegg02tXvZaq2.jpg
1214509.0,https://image.tmdb.org/t/p/w300/o5pcDZaA9Up0X612os34JNCRX6j.jpg
973912.0,https://image.tmdb.org/t/p/w300/uJCxYoJ45N7NId1JvnzrsScxesY.jpg
1217198.0,https://image.tmdb.org/t/p/w300/aE4FolMntrJIgKjGfjU1NwKPRIG.jpg
1217193.0,https://image.tmdb.org/t/p/w300/e168jyw0r3NP2z0orxTadJt9Cuy.jpg
1216603.0,https://image.tmdb.org/t/p/w300/rH3IB8DmYO4wiXfXaAwL4ppCQMt.jpg
1215002.0,https://image.tmdb.org/t/p/w300/5Gssik10AiROSChl1ajyyEXNJGO.jpg
1214504.0,https://image.tmdb.org/t/p/w300/Ah1HtmkzHLyZWFVQxsipF0M7bmc.jpg
1208496.0,https://image.tmdb.org/t/p/w300/kRf1J6hO2l4Yw2BXoihm1Uq9TpO.jpg
1202214.0,https://image.tmdb.org/t/p/w300/uUeN1kNlm0u8uv7gSCY2MneG5Yo.jpg
1155840.0,https://image.tmdb.org/t/p/w300/4nMNB2jsiSJTm8zfSYo1bKy0CZH.jpg
1072596.0,https://image.tmdb.org/t/p/w300/3KbxYFPw1oOtE4PoWIEOeLx4bsk.jpg
1184655.0,https://image.tmdb.org/t/p/w300/hOaDRdk9S5O9rJNr0IjHaGKya6K.jpg
1069930.0,https://image.tmdb.org/t/p/w300/3YI5JQOIWVuVQ2fCdQ9n7WbcCft.jpg
1168414.0,https://image.tmdb.org/t/p/w300/jC1Vx7CGwE1rY7aHsbqE3QAgzql.jpg
1147493.0,https://image.tmdb.org/t/p/w300/2GdWZHN5y8g1n3JrF2csKDJT95r.jpg
16234,https://image.tmdb.org/t/p/w300/rsqoX8tA6vD8kvJSQwLN8Df55nk.jpg
416572,https://image.tmdb.org/t/p/w300/pPJcCvFZBslhVXBvxNW2QxFB5w.jpg
475557,https://image.tmdb.org/t/p/w300/udDclJoHjfjb8Ekgsd4FDteOkCU.jpg
1111874,https://image.tmdb.org/t/p/w300/k5EiV6OlYwdfu9OKZQkHZGT8B5x.jpg
370280,https://image.tmdb.org/t/p/w300/X7ktT7j3GqAbvilL6foquKOP0i.jpg
1052938,https://image.tmdb.org/t/p/w300/u6K65pacsvNQoOYatzhPsF2Qh3F.jpg
847333,https://image.tmdb.org/t/p/w300/53OBfn7QOihYLybScoemWtwOXGY.jpg
129507,https://image.tmdb.org/t/p/w300/vsTCxQvilO6GSMDL9IVl61bNL1D.jpg
289332,https://image.tmdb.org/t/p/w300/exFXB65glV4SnU6LvK4r6BPYcE5.jpg
146486,https://image.tmdb.org/t/p/w300/rY8eu4yQTwpZgz8BEVKfGIh8TUG.jpg
155450,https://image.tmdb.org/t/p/w300/zk20ihdIQqsoPgpZi5gJVVxgfVT.jpg
609681,https://image.tmdb.org/t/p/w300/9GBhzXMFjgcZ3FdR9w3bUMMTps5.jpg
872585,https://image.tmdb.org/t/p/w300/ptpr0kGAckfQkJeJIt8st5dglvd.jpg
575264,https://image.tmdb.org/t/p/w300/NNxYkU70HPurnNCSiCjYAmacwm.jpg
299054,https://image.tmdb.org/t/p/w300/iwsMu0ehRPbtaSxqiaUDQB9qMWT.jpg
507089,https://image.tmdb.org/t/p/w300/7BpNtNfxuocYEVREzVMO75hso1l.jpg
385687,https://image.tmdb.org/t/p/w300/fiVW06jE7z9YnO4trhaMEdclSiC.jpg
926393,https://image.tmdb.org/t/p/w300/b0Ej6fnXAP8fK75hlyi2jKqdhHz.jpg
133792,https://image.tmdb.org/t/p/w300/4AqFWME7ycwPKVLKChrZqHgzV33.jpg
734586,https://image.tmdb.org/t/p/w300/am5Sst8LFmU0bhPrzU3km4RRy3J.jpg
808482,https://image.tmdb.org/t/p/w300/9mPoxHqonXXeQnwscNEd73Z0Ik3.jpg
459003,https://image.tmdb.org/t/p/w300/8v7g3nydS5Ga2wBgdCNC70Y9ykk.jpg
811634,https://image.tmdb.org/t/p/w300/67YXOoKGODyGvJXfXzVmgHNXYh8.jpg
901362,https://image.tmdb.org/t/p/w300/bkpPTZUdq31UGDovmszsg2CchiI.jpg
502356,https://image.tmdb.org/t/p/w300/qNBAXBIQlnOThrVvA6mA2B5ggV6.jpg
1076364,https://image.tmdb.org/t/p/w300/wakoF2UgsEE3fGs5KpuwMWsaNr2.jpg
976573,https://image.tmdb.org/t/p/w300/4Y1WNkd88JXmGfhtWR7dmDAo1T2.jpg
893723,https://image.tmdb.org/t/p/w300/aTvePCU7exLepwg5hWySjwxojQK.jpg
150540,https://image.tmdb.org/t/p/w300/2H1TmgdfNtsKlU9jKdeNyYL5y8T.jpg
157336,https://image.tmdb.org/t/p/w300/gEU2QniE6E77NI6lCU6MxlNBvIx.jpg
603,https://image.tmdb.org/t/p/w300/f89U3ADr1oiB1s9GkdPOEpXUk5H.jpg
13,https://image.tmdb.org/t/p/w300/arw2vcBveWOVZr6pxd9XTd1TdQa.jpg
550,https://image.tmdb.org/t/p/w300/pB8BM7pdSp6B6Ih7QZ4DrQ3PmJK.jpg
27205,https://image.tmdb.org/t/p/w300/oYuLEt3zVCKq57qu2F8dT7NIa6f.jpg
680,https://image.tmdb.org/t/p/w300/d5iIlFn5s0ImszYzBPb8JPIfbXD.jpg
278,https://image.tmdb.org/t/p/w300/q6y0Go1tsGEsmtFryDOJo3dEmqu.jpg
155,https://image.tmdb.org/t/p/w300/qJ2tW6WMUDux911r6m7haRef0WH.jpg
505283,https://image.tmdb.org/t/p/w300/2I05riVnrH0IHxIvkIfyXCfTQyv.jpg
1164486,https://image.tmdb.org/t/p/w300/7aCOzT1lLtfOzHni8xIe4dbpEwC.jpg
353577,https://image.tmdb.org/t/p/w300/vCMGlarDrcmhclBmnYoH7JUCDuA.jpg
852881,https://image.tmdb.org/t/p/w300/bhozm1Mjn1bkfiwukK5EUj3ecfI.jpg
1108300,https://image.tmdb.org/t/p/w300/8b7Gv9oCCwAel74pt5fiM5opvvI.jpg
1030192,https://image.tmdb.org/t/p/w300/bAi39wcb6Vb1OtcONqk5nEJYONy.jpg
1175959,https://image.tmdb.org/t/p/w300/dWyxPokAp4eiJXWriYbNvU2v1V.jpg
513776,https://image.tmdb.org/t/p/w300/pOe51GqkZElPrNrwTpZi2VrBvKn.jpg
1092001,https://image.tmdb.org/t/p/w300/jOZlw8vX4sOBklSrZTyjBkL4gft.jpg
820605,https://image.tmdb.org/t/p/w300/yYDteaK63pbn6cRrypkDpUvvkJh.jpg
1171841,https://image.tmdb.org/t/p/w300/isH4OfCau4xHk8CelwyF1YuuAHG.jpg
1187290,https://image.tmdb.org/t/p/w300/tYtodsONcJ1u8AboYtuO1MvhAMq.jpg
792871,https://image.tmdb.org/t/p/w300/kzhErauWOdVJtEqNwCByb47aJdK.jpg
729033,https://image.tmdb.org/t/p/w300/99i8zrX1CFaG58hgR3LYQBJjFIk.jpg
92152,https://image.tmdb.org/t/p/w300/mHN2KrIMf1e4FPRpkkZQHR9Lks4.jpg
670647,https://image.tmdb.org/t/p/w300/gVytZHh9wv98wjTczJX9lZ7OsLT.jpg
533535,https://image.tmdb.org/t/p/w300/3e9RToA9tGMl1T994T9T8zLW3CU.jpg
539972,https://image.tmdb.org/t/p/w300/1GvBhRxY6MELDfxFrete6BNhBB5.jpg
1034541,https://image.tmdb.org/t/p/w300/l1175hgL5DoXnqeZQCcU3eZIdhX.jpg
748783,https://image.tmdb.org/t/p/w300/wGACDc9iXo5QICWV709agnYcInI.jpg
653346,https://image.tmdb.org/t/p/w300/1cC59k0caVOsC9HkeO9bSIwwHKb.jpg
1022789,https://image.tmdb.org/t/p/w300/q1P71jvmGuHjee9I4PgQKMCB1c9.jpg
866398,https://image.tmdb.org/t/p/w300/A7EByudX0eOzlkQ2FIbogzyazm2.jpg
967847,https://image.tmdb.org/t/p/w300/mLk6vqLP3fgplHYhEZzqODiGdEG.jpg
673593,https://image.tmdb.org/t/p/w300/fbbj3viSUDEGT1fFFMNpHP1iUjw.jpg
912649,https://image.tmdb.org/t/p/w300/kV6ceSPLK1f8cIjvqOmvnmBEMbD.jpg
763215,https://image.tmdb.org/t/p/w300/sMp34cNKjIb18UBOCoAv4DpCxwY.jpg
934632,https://image.tmdb.org/t/p/w300/24nh4f5lL5FE8d69Xr4UVhA5Lkw.jpg
519182,https://image.tmdb.org/t/p/w300/hoJDI4mkP2w9WK2po5aZx3YIcLP.jpg
1011985,https://image.tmdb.org/t/p/w300/kDp1vUBnMpe8ak4rjgl3cLELqjU.jpg
693134,https://image.tmdb.org/t/p/w300/8b8R8l88Qje9dn9OE8PY05Nxl1X.jpg
939243,https://image.tmdb.org/t/p/w300/lTSk96xOzkey91jWJFjwpWtfs4P.jpg
347196,https://image.tmdb.org/t/p/w300/t670b84JGKcD3eBGOtaQhP1uWsN.jpg
917496,https://image.tmdb.org/t/p/w300/cc7E4lXc7NyfT7KobDr8kNt6KSH.jpg
698687,https://image.tmdb.org/t/p/w300/nZiA682CX17KExN8XQGCqkSBtmY.jpg
848538,https://image.tmdb.org/t/p/w300/siduVKgOnABO4WH4lOwPQwaGwJp.jpg
558449,https://image.tmdb.org/t/p/w300/1HPoY1RyGdBGfHfYB9t9Jrq8Zmx.jpg
1072342,https://image.tmdb.org/t/p/w300/gSkfBGdxdialBMM7P02V4hcI6Ij.jpg
746036,https://image.tmdb.org/t/p/w300/hynoHNqw0eEDNQiIbuDlxaK4dAI.jpg
823464,https://image.tmdb.org/t/p/w300/bQ2ywkchIiaKLSEaMrcT6e29f91.jpg
639720,https://image.tmdb.org/t/p/w300/ylkMYnZUo8LhKN3jGzdOz2JzGnh.jpg
786892,https://image.tmdb.org/t/p/w300/35ISL6KqEeaGfG3xagzUqwa6ijZ.jpg
889737,https://image.tmdb.org/t/p/w300/szdiiHs5zlW641FnPLS5D7Gm49F.jpg
634492,https://image.tmdb.org/t/p/w300/rULWuutDcN5NvtiZi4FRPzRYWSh.jpg
955916,https://image.tmdb.org/t/p/w300/gma8o1jWa6m0K1iJ9TzHIiFyTtI.jpg
762509,https://image.tmdb.org/t/p/w300/voZdN8XKo1j9e5A44shYdxXKilE.jpg
1139829,https://image.tmdb.org/t/p/w300/uHiXFLMlnl5jBjtfOliapN16yBD.jpg
823395,https://image.tmdb.org/t/p/w300/ApRW9CPK83fF4KCXPR00KCzXOjL.jpg
980489,https://image.tmdb.org/t/p/w300/51tqzRtKMMZEYUpSYkrUE7v9ehm.jpg
762430,https://image.tmdb.org/t/p/w300/oUmmY7QWWn7OhKlcPOnirHJpP1F.jpg
939335,https://image.tmdb.org/t/p/w300/AsM1H8DfaNo7bRu4q76MaVRRbIY.jpg
968051,https://image.tmdb.org/t/p/w300/5gzzkR7y3hnY8AD1wXjCnVlHba5.jpg
565770,https://image.tmdb.org/t/p/w300/mXLOHHc1Zeuwsl4xYKjKh2280oL.jpg
951491,https://image.tmdb.org/t/p/w300/aQPeznSu7XDTrrdCtT5eLiu52Yu.jpg
975902,https://image.tmdb.org/t/p/w300/adMcxfUonnm9RvPImGHy25wYUks.jpg
1178734,https://image.tmdb.org/t/p/w300/3mQ8tK7xpx95nq0RslW91RPbB5Y.jpg
1000081,https://image.tmdb.org/t/p/w300/wrFg0Q1kqfOhxlRvb8Dle7WF58F.jpg
615656,https://image.tmdb.org/t/p/w300/4m1Au3YkjqsxF8iwQy0fPYSxE0h.jpg
9381,https://image.tmdb.org/t/p/w300/kt9nqD0uOar8IVE9191HXhWOXKI.jpg
774548,https://image.tmdb.org/t/p/w300/pnqJLYhdZ6NHPe4I3EwicS52GG0.jpg
800158,https://image.tmdb.org/t/p/w300/e7Jvsry47JJQruuezjU2X1Z6J77.jpg
798051,https://image.tmdb.org/t/p/w300/kcIkEcIFGrFaDrtob9578bao3SI.jpg
957304,https://image.tmdb.org/t/p/w300/gavGnAMTXPkpoFgG0stwgIgKb64.jpg
696506,https://image.tmdb.org/t/p/w300/y5rrebdZsGgpKb2U52rxMQTYbn0.jpg
802219,https://image.tmdb.org/t/p/w300/1lQftpEARVVB9op4TaYiIbactzG.jpg
1079485,https://image.tmdb.org/t/p/w300/2sADrLwMQof6yYmrJRSa04tFZuS.jpg
573435,https://image.tmdb.org/t/p/w300/rO5S1iIXDx8B2ra1fRKuvXK08FC.jpg
762441,https://image.tmdb.org/t/p/w300/imuk9lKYJIL75JMd9lck5KHQn3C.jpg
516729,https://image.tmdb.org/t/p/w300/lCaXjcR0tQJBgbm2H8KUFMewg3i.jpg
402431,https://image.tmdb.org/t/p/w300/iS46QOZ8uvMRgLMHY22S1GhMwCc.jpg
1013601,https://image.tmdb.org/t/p/w300/pbwf3U8WZsJMOcojtIrOGcIV6CG.jpg
937287,https://image.tmdb.org/t/p/w300/ciiaCM5GWoi8n2rt1VCWlLHG6JU.jpg
1096342,https://image.tmdb.org/t/p/w300/yA9CO79V0lr9IWEmqQdp2ozvYQE.jpg
932086,https://image.tmdb.org/t/p/w300/kumfxHTPcPqqFvQltffW2Nl47RL.jpg
839033,https://image.tmdb.org/t/p/w300/3yOyysd9xV7sXW8uyAEqV52JreW.jpg
784651,https://image.tmdb.org/t/p/w300/zDZowwb9GZGEctAu2PCpjiPQAMM.jpg
1020896,https://image.tmdb.org/t/p/w300/6XlHOx0JQNgYjuJ4YQKbrt4Gd4d.jpg
1111873,https://image.tmdb.org/t/p/w300/rx0Sg4cK5gO6QKkyI0JAGT5tLJb.jpg
1086747,https://image.tmdb.org/t/p/w300/zbb1Gn0TobLhRDOB4M2UtACrmnB.jpg
1120368,https://image.tmdb.org/t/p/w300/aCls5vJDBZtu688bbZqHNzTe2Fi.jpg
1155089,https://image.tmdb.org/t/p/w300/zR6C66EDklgTPLHRSmmMt5878MR.jpg
1115009,https://image.tmdb.org/t/p/w300/wKYrat0neU4sHl8aO4BCzxCKFQy.jpg
1012201,https://image.tmdb.org/t/p/w300/8iPstBjKGHEQcart2JaeJoD64Ht.jpg
365177,https://image.tmdb.org/t/p/w300/qXpQBgsasf60CBkevYJReZzbkDU.jpg
993784,https://image.tmdb.org/t/p/w300/pCZNvjlXgNkqkJDPb7WdsDlZKzC.jpg
972433,https://image.tmdb.org/t/p/w300/ovoybG8mCn6nQ6i5WoC8DdR08c2.jpg
974036,https://image.tmdb.org/t/p/w300/flgA9XjegLo6RMTIo3cw3lpcgeg.jpg
811948,https://image.tmdb.org/t/p/w300/iTmJwZxGHYAk5EiVc68UvZTMSuP.jpg
