id,imdb_id,original_title,genres,average_rating,predicted_rating,num_votes,keywords,belongs_to_collection,videos,runtime,original_language,spoken_languages,status,release_date,poster_source,production_companies
872585,tt15398776,Oppenheimer,Drama|History,8.4,-1.0,616320,based on novel or book husband wife relationship new mexico patriotism atomic bomb world war ii atomic bomb test biography physics politics physicist based on true story jewish american guilt nuclear weapons communism red scare prometheus mccarthyism 1940s ethics new mexico desert 20th century manhattan project affair los alamos,,"Yours to Own Promo|Oppenheimer 70mm film reel running in the BFI IMAX|Oppenheimer's cast on their first viewing of Christopher Nolan's film|Get Tickets NOW|Christopher Nolan, Cillian Murphy, Emily Blunt and Matt Damon on Oppenheimer|Matt Damon, Emily Blunt and Cillian Murphy Discuss Oppenheimer|The Score|Trinity Test|UK Premiere|Opening Look|Christopher Nolan & Cast Interviews|The Cast|Pushing The Button|Shooting For IMAX|New Trailer|Official Trailer",181.0,en,Nederlands|English,Released,2023-07-19,,9996|33|507
507089,tt4589218,Five Nights at Freddy's,Horror|Mystery,5.5,-1.0,84780,child murder restaurant custody battle night shift child in peril orphan security guard based on video game duringcreditsstinger troubled past child neglect animatronic abandoned building brother sister relationship ghost child child abduction,,My Universal Story: Emily Poulliard|For the Fans|FNAF is...|A Look Inside|Final Trailer|Official Trailer|Official Teaser,110.0,en,English,Released,2023-10-25,,3172|211144
575264,tt9603212,Mission: Impossible - Dead Reckoning Part One,Action|Thriller,7.7,-1.0,220227,"rome, italy chase secret agent race against time sequel intelligence agency rogue agent based on tv series secret government agency northern norway",87359,"Behind the Scenes Stunts w/ Tom Cruise|Airport Nuclear Bomb Clip|Taking On AI|World Tour|The hype is real|The #1 in the world!|Watch the cast react to Tom Cruise riding a motorbike off a cliff.|Get tickets to ""the biggest and best Mission yet.""|24 Hrs. 4 Cities. Mission: Theatre Surprise|Tom Cruise & Christopher McQuarrie‚Äôs Partnership|This mission is fully loaded|Witnessing the Norway Stunt|Venice Chase Behind-The-Scenes|4 City Surprise|Get tickets to the ""BIGGEST AND BEST ACTION MOVIE OF THE YEAR""|The stakes have never been higher|Final Trailer|Film4 Interview Special|Bigger. Better. More action than ever before|Australian Red Carpet Premiere|Train Stunt Behind-The-Scenes|Get ready to go rogue|This is not skydiving|I Didn't Want to Hit Anything?|Time to assemble your team|Speedflying Behind-The-Scenes|A mission worth accepting|Norway Jump Behind-The-Scenes|Run and go get tickets now|Get your plans ready. Book your tickets now.|Wait until you see this on the big screen|Rome World Premiere Red Carpet Show|Tom Cruise returns in his biggest mission yet|Their biggest mission yet|The world is coming after them|Rome Car Chase Behind-The-Scenes|New Spot|NBA Finals Spot|Watch the Official Trailer|Watch the Official Trailer|Official Trailer|A New Mission Drops Tomorrow|The Biggest Stunt in Cinema History|Teaser Trailer with Intro by Tom Cruise|Official Teaser Trailer",164.0,en,Fran√ßais|English|Italiano|P—É—Å—Å–∫–∏–π,Released,2023-07-08,,4|82819|21777
299054,tt3291150,Expend4bles,Action|Adventure|Thriller,4.8,-1.0,31668,sequel nuclear bomb cargo ship ring,126125,Special Feature - ‚ÄòNext Level Action‚Äô|Official Clip - 'Jumbo Shrimp'|Official Clip - 'In The Mood'|Official Red Band Trailer|Power Washing Art Reveal|Official Trailer,103.0,en,English,Released,2023-09-15,,1020|48738|1632
678512,tt7599146,Sound of Freedom,Action|Drama,7.7,-1.0,104195,kidnapping pedophilia human trafficking based on true story child kidnapping lost children children in danger colombia,,Sound of Freedom (2023) FULL DRAMA MOVIE|Theatrical Trailer|Official Trailer,131.0,en,Espa√±ol|English,Released,2023-07-03,,90508
385687,tt5433140,Fast X,Action|Crime|Thriller,5.8,-1.0,112410,sequel revenge racing family cliffhanger cars,9485,"The Gold Gallardo: A Lamborghini Meant for Standing Out|All About the Alfa Romeo|The Agency's Home Invasion is No Match for Jakob and Mia|Behind the 7 Hills of Rome Chase Scene|Dom and Dante Face Off in a Race to Settle the Score|Behind the Iconic Flaming Bomb Ball Scene|The Return of Hobbs Behind the Scenes|EVEN MORE Gags, Giggles and Goofy Bloopers from The Fast X Set|How Fast X Intertwines With All The Other Fast Movies|The Thought Process Behind the Big Truck & Off Road Cars|Gags, Giggles and Goofy Bloopers from The Fast X Set|My Universal Story: Debbie Evans|My Universal Story: Jalil Jay Lynch|Directing Fast X With All Things Rio De Janeiro in Mind|The Charger: Main 'Character' Energy|Han Arrives At Shaw's Safehouse Clip|All About the Cars and Bikes of Fast X|Jakob & Little B Escape Dante's Kidnapping Plan Clip|Tess Tells Dom About Letty: ""Nothing's Impossible!"" Clip|All About Jakob's 1993 LX Mustang Behind the Scenes|The Making of Little B Taking The Wheel Behind the Scenes|The Scene Where Letty Chases Dante in Rome|Dom Tells Dante He Burned His Father's Money Movie Clip|The Complex Character of Aimes Behind the Scenes|Family Generations: The Toretto Family Behind the Scenes|John Cena Talks The Cannon Car Behind the Scenes|Yours to Own Promo|Dante Reyes Plays With Fire Extended Preview|The Scene that Started the Road to Revenge|Every Fast & Furious Film Explained | Movies 1-9 Recap | Watch Before Fast X|Time Moves Fast|Nathalie Emmanuel|Bomb Ball Meets Bus|Rome Bike Chase|Premiere in Rome|Brie Larson|John Cena|Battle Royale|Final Trailer|When in Rome|Shooting in Rome|BTS Experience: Charger Vs. Helicopters|Vin & Helen in Rome|Letty v Cipher|Father/Son|Soundtrack - ""Won't Back Down""|Open Road|Who Is Dante?|A war is coming. Choose your side.|FASTEN your seatbelt for the ultimate showdown|One Last Ride|Official Trailer 2|Bronny James - ""Family Business""|A Look Inside|For Fans and Family|Big Game Spot|Ensemble|Official Trailer",142.0,en,English,Released,2023-05-17,,33|333|1225|34530
609681,tt10676048,The Marvels,Action|Adventure|Science Fiction,5.6,-1.0,82485,hero space travel sequel superhero based on comic teenage girl aftercreditsstinger duringcreditsstinger marvel cinematic universe (mcu) space adventure,623911,Final Trailer|What Comes Next|Official Clip - 'Friend of Yours?'|Beginning|Power|Evolution of Captain Marvel|Legacy|Introducing The Marvels|Prepared|The Return Of Captain Marvel|Fight|Experience in IMAX|Journey To The Marvels|Official Trailer|Teaser Trailer|Teaser Trailer,105.0,en,ÿßÿ±ÿØŸà|English,Released,2023-11-08,,420|176762
926393,tt17024450,The Equalizer 3,Action|Thriller|Crime,6.9,-1.0,94970,italy vigilante justice italian mafia,523855,The People of Atrani|Behind the Scenes|Action Through the Years|Deleted Scene|Extended Preview|Special Features Preview|Now In Cinemas|Now In Cinemas|Now In Cinemas|Critics Agree Teaser|No Gun No Problem Teaser|In Cinemas Sept 13|In Cinemas Sept 13|In Cinemas Sept 13|In Cinemas Sept 13|In Cinemas Sept 13|In Cinemas Sept 13|In Cinemas Sept 13|In Cinemas Sept 13|In Cinemas Sept 13|Touch√© Clip|Median Nerve Clip|9 Seconds Clip|Picky Eaters ft. Stephen A. Smith & Dan Orlovsky|You should have watched this before making travel plans|Official Trailer 2|Franchise Recap|Official Trailer|Official Red Band Trailer,109.0,en,Italiano|English,Released,2023-08-30,,1423|5|10400|44967
975902,tt22688572,Boudica,Action|War,4.3,-1.0,2161,female protagonist,,Clip|UK Trailer|Official Trailer,101.0,en,English,Released,2023-10-26,,76992|1872
951491,tt21807222,Saw X,Horror|Thriller,6.6,-1.0,66418,"riddle mexico city, mexico sadism sequel gore con artist serial killer scam torture survival horror duringcreditsstinger franchise jigsaw saw death game",656,Official Clip - 'Get it Together'|Cribs|Official Clip - 'Mateo‚Äôs Trap'|The Lionsgate Red Gears are Back in SAW X|Special Feature - 'Legacy'|Official Clip ‚Äì 'Eye Vacuum Trap'|Official Trailer,118.0,en,Norsk|Espa√±ol|English,Released,2023-09-26,,2061|1632
823395,tt3917710,The Baker,Action|Drama|Crime,5.8,-1.0,1846,duringcreditsstinger,,Red Band Trailer,100.0,en,English,Released,2023-07-27,,41608|5486
939335,tt17663876,Muzzle,Action|Crime|Drama|Thriller,5.5,-1.0,2197,"police los angeles, california lapd k9",,Official Trailer,100.0,en,Deutsch|English|Espa√±ol,Released,2023-09-29,,76991|174474|187281|168295
565770,tt9362930,Blue Beetle,Action|Science Fiction|Adventure,6.0,-1.0,86428,armor superhero family relationships family high tech job hunting mexican american aftercreditsstinger duringcreditsstinger immigrant family college graduate dc extended universe (dceu) alien technology brother sister relationship latino,,Generations Blue Beetle: A Hero's World|Nana Knows Best|The Making of Blue Beetle|Extended Preview|Blue Beetle 101|Party Bug|Official IMAX¬Æ Interview|Official Final Trailer|Trailer Out Now|Official Trailer|Trailer Tomorrow,128.0,en,English|Portugu√™s|Espa√±ol,Released,2023-08-16,,174|11565|128064
762430,tt6906292,Retribution,Action|Thriller|Crime,5.3,-1.0,16569,bomb assassination remake divorce duringcreditsstinger phone call berlin,,"Liam Neeson - The Magic|Clip|""There's A Bomb In This Car""|""His Life Or Yours""|Drive|""He Said We're Gonna Die Because Of You""|Time Bomb|Official UK Trailer|Official International Trailer|Official Trailer",91.0,en,English|Deutsch,Released,2023-08-23,,99132|23513|106689|356|264
980489,tt4495098,Gran Turismo,Adventure|Action|Drama,7.2,-1.0,81389,based on true story racing based on video game duringcreditsstinger,,Use of Drones|Neill Blomkamp's Approach|Driving Pods|Jann Mardenborough as a Stunt Driver|Dream Come True|Learning to Drive at GT Academy|On the Track with Terance and Jalen|Making Magic with Chiney and Pierre|Easter Eggs Video|Special Features Preview|Extended Preview|Vignette - Team of Three|Vignette - Sim vs. Game|Vignette - Geri Halliwell Horner|Now In Cinemas|Now In Cinemas|Now In Cinemas|The Real Deal|Not A Game|Audience Reactions|In Cinemas Aug 30|In Cinemas Aug 30|In Cinemas Aug 30|In Cinemas Aug 30|In Cinemas Aug 30|In Cinemas Aug 30|Jann's Story Vignette|Believe Vignette|Official UK Trailer #2|Official Trailer 2|Mastering the Game (NBA Finals)|Lap And Crash ft. Paolo Banchero (NBA Finals)|Don't Hit The Cones ft. Zach LaVine (NBA Finals)|Off Season (NBA Finals)|Gotta Fit ft. Boban Marjanovic (NBA Finals)|Hopping into the driver‚Äôs seat from Cannes to Monaco in style|NBA Finals Tune In|Gran Turismo Movie arrived in style at Cannes 2023|Vignette - The True Story|Official Trailer|Exclusive Sneak Peek,135.0,en,English,Released,2023-08-09,,125281|84792|5
968051,tt10160976,The Nun II,Horror|Mystery|Thriller,5.6,-1.0,54392,france bullying sequel religion demon gothic horror demonic possession praying duringcreditsstinger all girls school 1950s demonic convent the conjuring universe,968052,Extended Preview|The Thread That Ties|Film|Relic|Origins|Discover|Protect|Official Trailer,110.0,en,English|Fran√ßais,Released,2023-09-06,,12|76907|11565
774548,tt17494686,Desibel,Action|Drama|Thriller,6.1,-1.0,1499,terrorism korean navy,,30 Second Spot|Teaser Trailer,110.0,ko,ÌïúÍµ≠Ïñ¥/Ï°∞ÏÑ†Îßê,Released,2022-11-16,,118767|172538
9381,tt0364970,Babylon A.D.,Action|Adventure|Science Fiction|Thriller,5.5,-1.0,98186,submarine baby future mercenary prosecution pregnancy protection dystopia moral conflict smuggling (contraband) vision cyberpunk sect,,Babylon A.D. Trailer [HD],101.0,en,English|P—É—Å—Å–∫–∏–π,Released,2008-08-20,,11259|20240|694|11260|1115|11261|6301|104|444|25
615656,tt9224104,Meg 2: The Trench,Action|Science Fiction|Horror,5.0,-1.0,72818,based on novel or book sequel kaiju civil action oceans shark cage,742536,Under Pressure|The Making of Meg 2: The Trench|Make a Stand|Up from the Depths: Even More Beasts|Get the Fuel|Octopus Attack|Extended Preview|Good Luck|Do you suffer from the following?|Big-A$$ Sharks|BTS from the Depths|Just a few of my fav local spots|Meg on the Thames|Exist|Fun Island|Transmission|Magic|Official Trailer,116.0,en,English,Released,2023-08-02,,56242|174|435|92484|208093|208094
800158,tt1136617,The Killer,Crime|Thriller,6.7,-1.0,166218,"new york city assassin airport sniper new orleans, louisiana client product placement sociopath revenge murder dark comedy fate lawyer brutality based on graphic novel character study perfectionist empathy dominican republic tampa, florida manhunt international manhunt precision gig economy secret violence botched job",,Official Trailer|Official Teaser Trailer,118.0,en,English|Fran√ßais|Espa√±ol,Released,2023-10-25,,178464
1000081,tt23898856,Sentinelle,Action|Comedy|Crime,5.1,-1.0,1307,,,Sentinelle - Teaser I Prime Video,98.0,fr,Fran√ßais|Deutsch,Released,2023-08-27,,17653|142017
1178734,tt29253563,„Éä„ÉÉ„ÇØ„É´„Ç¨„Éº„É´,Action|Drama,5.3,-1.0,335,revenge based on webcomic or webtoon,,,107.0,ja,Êó•Êú¨Ë™û,Released,2023-10-25,,78691|212164
893723,tt15837338,PAW Patrol: The Mighty Movie,Animation|Family|Action|Science Fiction,6.0,-1.0,4460,cartoon sequel superhero mad scientist dog animal elasticity kids,893731,"""PAW Patrol Gains Superpowers!"" Clip|Now showing in cinemas!|Get tickets to see the movie, now showing in cinemas|PAW Patrol Movie is ""hilarious"" and ""fun for the whole family!""|You‚Äôre in for a MIGHTY good time!|Get your tickets NOW|Join their new adventure!|The pups are back (and mighty!)|""Behind the Voices"" Cast Featurette|Guinness World Records Title for Most Dogs Attending a Film Screening|Do you have what it takes to be a hero?|""Meet the Junior Patrollers"" Exclusive Clip|With this team, anything is PAWsible|""Full Powers"" Clip|Taraji P. Henson as Victoria Vance|The pups just got super-powered|A super-powered pup adventure!|Meet The Junior Patrollers|Junior Patrollers Training Clip|Super Powers Featurette|How many su-PAW-stars can you fit in PAW Patrol Movie|Mighty Vehicles Clip|What's New Featurette|Unleash your powers|Back to School Piece|Ninja Patrol|""Pups Get Their Powers"" Clip|Official Trailer",92.0,en,English,Released,2023-09-21,,2348|71738|4|8649|82552
150540,tt2096673,Inside Out,Animation|Family|Adventure|Drama|Comedy,8.1,-1.0,772828,"san francisco, california minnesota dream sadness ice hockey cartoon imaginary friend elementary school family relationships memory family unicorn running away duringcreditsstinger emotions",1022790,"""Disgust & Anger"" Clip - Inside Out|Inside Out - Official US Trailer 2|INSIDE OUT | New UK Trailer | Official Disney UK|Inside Out - Official US Trailer|INSIDE OUT | Trailer 2 - UK | Official Disney UK|Inside Out US Teaser Trailer",95.0,en,English,Released,2015-06-09,,3|2
346698,tt1517268,Barbie,Comedy|Adventure|Fantasy,6.9,-1.0,478397,feminism patriarchy satire based on toy female protagonist doll ghost fantasy world motherhood existentialism woman director mother daughter relationship gender discrimination barbie secret world,,"It's a Weird World|All-Star Barbie Party|Official IMAX¬Æ Interview|THANK YOU to all of the beautiful Barbies and Kens who helped get this pink party started! ü§©üéÄüíû|The Score|The Kens|Transportation|Blow My Mind|Greta Gerwig explains how Carole Lombard and Katharine Hepburn inspired ""Barbie‚Äô""|Now Playing|Greta's Vision|The Album x Movie|European Premiere|Best Day Ever|Just Ken Exclusive|Catastrophic|Heels|Real|Choice Rev|Dream|Kicking off Summer with Barbie and Ken|The Cast of ‚ÄòBarbie‚Äô on Greta Gerwig‚Äôs Vision, ‚ÄòBig Ken Energy‚Äô, and Favorite Outfits|Main Trailer|Teaser Trailer 2|Teaser Trailer",114.0,en,English,Released,2023-07-19,,82968|437|181486|6220|174
807172,tt12921446,The Exorcist: Believer,Horror,4.8,-1.0,35046,exorcism faith sequel possession disappearance death of mother exorcist reboot demonic possession father daughter relationship,12263,Featurette - Faking Possession|What Happened in the Woods Extended Preview|Dare to Watch at Home NOW|This Is The Exorcist: Believer|In Every Religion and Every Culture|The Girls|Legacy|Around the World|Body and the Blood|Angela & Victor|A Look Inside|Official Trailer 2|Official Trailer,111.0,en,English||Latin|Portugu√™s,Released,2023-10-04,,33|3172|10210|20848
614930,tt8589698,Teenage Mutant Ninja Turtles: Mutant Mayhem,Animation|Comedy|Action|Science Fiction,7.2,-1.0,56945,new york city sibling relationship skateboarding crime fighter turtle superhero ninja duringcreditsstinger teenage mutant ninja turtles aspiring journalist anthropomorphic animal,1156855,"Behind The Scenes With Seth Rogen and Cast|First Fight Clip|""Back To School"" Clip|Our heroes in a half-shell have arrived|Gear up and get tickets|Get ready for some Turtle-action!|Seth Rogen and Ice Cube hang with Real Turtles|It's turtle-y awesome!|Cowabunga, dude!!!|Fruit ninja IRL|We're turtles on a mission|Get ready for Mayhem!|Adult Swim Commercial|It's Turtle time!|It‚Äôs Called Mutant Mayhem|Behind the Inspiration|Be brave. Be strong. Be Ninjas.|Teamwork makes the dream work|Seth Rogen and Ice Cube take the Ultimate Gen-Z Quiz|Zombie Kid STILL Likes Turtles|Final Trailer|Ask Seth Rogen Anything|""Meeting Superfly"" Clip|Get to know the incredible cast|""Sneaking In"" Clip|Turtle Tots|Putting the Teens in TMNT|Behind the Design|First Clip|Meet the Cast|International Trailer|Official Trailer|Teaser Trailer",100.0,en,English|ÊôÆÈÄöËØù,Released,2023-07-31,,4|2348|16615|75234|199314
986210,tt16235342,Space Wars: Quest for the Deepstar,Science Fiction|Adventure|Action,4.0,-1.0,644,space war space adventure,,Space Wars Movie -  Rachele Brooke Smith as Nina Scene (movie clip)|Trailer,90.0,en,English,Released,2023-04-21,,126115|35613
820525,tt15334488,After Everything,Romance|Drama,4.6,-1.0,5934,"lisbon, portugal writer's block sequel love wedding social media troubled past male writer dysfunctional relationship based on young adult novel fanfic",702624,Official Trailer|Hessa (Official Clip)|Official Teaser,93.0,en,English|Portugu√™s,Released,2023-09-13,,6626|107108
976573,tt15789038,Elemental,Animation|Comedy|Family|Fantasy|Romance,7.0,-1.0,113864,fire computer animation duringcreditsstinger elements water city,,"""Steal the Show‚Äù Lofi|Disney+ Date Announce|We Love You Lutz|""Can You Handle The Fire?"" Taste Testing with the Cast|Peter Sohn on the Importance of Immigrant Stories | ELEMENTAL | TIFF 2023|Our Blue Flame|Audiences Love Elemental|Booth To Screen|You‚Äôre So Hot|An Act Of Clod|Welcome to Element City|Inspect This|Living The Dream|Iconic Pixar Moments|Check This Out|ELEMENTAL director Peter Sohn's admiration for Hayao Miyazaki and Studio Ghibli | TIFF 2023|Tickets on Sale!|Official Trailer|Teaser Trailer",102.0,en,English,Released,2023-06-14,,2|3
554600,tt8291224,Uri: The Surgical Strike,Action|Drama|War,8.2,-1.0,71196,army based on true story terrorism india terrorist attack indian army,,"URI | Official Trailer | Vicky Kaushal, Yami Gautam, Paresh Rawal | Aditya Dhar | 11th Jan 2019|URI Trailer on 5th Dec | Vicky Kaushal | Yami Gautam | Aditya Dhar | 11th Jan 2019|URI | Official Teaser | Vicky Kaushal | Yami Gautam | Aditya Dhar | 11th Jan 2019",138.0,hi,‡§π‡§ø‡§®‡•ç‡§¶‡•Ä,Released,2019-01-11,,100972
76617,tt1572315,Texas Chainsaw 3D,Horror|Thriller,4.8,-1.0,55521,home sequel gore leatherface slasher chainsaw shattered home violent death bloody fight blood lust aftercreditsstinger duringcreditsstinger g√≥ry sawing hewitt,111751,'Number One' TV Spot|The Next Leatherface - An Overview|'Happy New Year' TV Spot (Short)|'Happy New Year' TV Spot|Gate Crash|Shotgun|'Big Legend' Trailer|Official Trailer,92.0,en,English,Released,2013-01-03,,1632|1020|70969|210480|210481
667538,tt5090568,Transformers: Rise of the Beasts,Action|Adventure|Science Fiction,6.0,-1.0,97830,peru alien end of the world based on toy robot duringcreditsstinger 1990s brother brother relationship,939352,"Behind The Scenes With Anthony Ramos & Peter Dinklage|Meeting Mirage Clip|VIVID Sydney Drone Show|Don't miss ""the best Transformers movie yet.""|'Mirage Makes A Promise' Clip|Experience the brand new Transformers Movie|Hilarious Interview with Anthony Ramos, Dominique Fishback, and Toby Nwigwe|Transformers x Boston Dynamics | Spot Becomes an Honorary Autobot|Legends On Legends|A new era has begun|""Beast Mode"" Promo|The Voices of Transformers Featurette|Official Final Trailer|Meet the Maximals Featurette|Autobots and Maximals join forces|The Legacy of Optimus Prime Featurette|Fresh New Sound Featurette|Transformers is back and better than ever|Prepare to face the Terrorcons|Caple's New Vision Featurette|A new era begins|""Meet the Autobots"" Clip|Filming in Peru|Let the battle begin. Get tickets now.|Car Talk - Who's Your Favorite Transformer?|Car Talk with Anthony Ramos|Join the team. Get tickets now.|Is Your Car a Transformer?|""Car Chase"" Clip|Not Alone TV Spot|Heroes come in all forms|Maximals and Autobots, roll out!|Get ready to join the fight|Heroes come in all forms|Meet the New Characters|Unicron is coming|Unite or fall|""Prime Meets Primal"" Clip|Official Trailer|TOMORROW|Something has awakened|Prepare for worlds to collide|Global Statue Tour|Big Game Spot|Official Teaser Trailer",127.0,en,|Espa√±ol|English,Released,2023-06-06,,82819|4|435|6734|114732|38831|2598
830764,tt14145436,Pet Sematary: Bloodlines,Horror,4.6,-1.0,9956,cemetery sequel prequel remake gore pet cemetery 1960s forced to kill pet monster period piece violence horror scary,830781,Official Trailer,87.0,en,English,Released,2023-09-23,,96540|435
670292,tt11858890,The Creator,Science Fiction|Action|Thriller,6.8,-1.0,129361,artificial intelligence (a.i.) distant future ex special forces missing wife robots,,Review|Masterpiece|Ameca and Gareth|Official Clip - 'The Child Will Save Us'|Hans Zimmer|Beautiful|Cinematic Masterpiece|Pandora's Box|Official Clip - 'They've Come For Me'|Breathtaking|Tickets|Stunning|Trust|ScreenX|Candy|The Creator | Epic | 20th Century Studios|Promise|Meet The Creator|Official Clip - 'Get In The Car'|World of The Creator|Bodyguard|Friend|Final Trailer|Unlikely Connection|Alive|Tickets on Sale|Official Clip - 'Did You Locate The Weapon?'|Special Look|Truth|AI: Friend or Foe|Gareth's Vision|Fear|Scan|Official Trailer [Audio Described]|Official Trailer|Teaser Trailer [Audio Described]|Teaser Trailer,134.0,en,English|Êó•Êú¨Ë™û|‡∏†‡∏≤‡∏©‡∏≤‡πÑ‡∏ó‡∏¢|Ti·∫øng Vi·ªát,Released,2023-09-27,,10104|8147|508|206867
926680,tt16154506,Breakout,Action|Thriller,4.6,-1.0,1433,,,Official Trailer,85.0,en,English,Released,2023-04-11,,102651
569094,tt9362722,Spider-Man: Across the Spider-Verse,Animation|Action|Adventure,8.6,-1.0,339310,"sacrifice comic book sequel superhero based on comic alternate dimension india alternate version super power brooklyn, new york city superhero team spider bite super villain cliffhanger teen superhero chelsea alternate universe female superhero interdimensional travel defying fate",573436,"Creating the Score With Daniel Pemberton|Designing Spider-Punk|Behind the Scenes With Oscar Isaac|Behind the Spider-Verse Soundtrack with Metro Boomin|Creating Pavitr Prabhakar|Unpacking the Multiverse|Issa Rae as Jessica Drew|Live Your Truth|True Spider-Man Fans ft. Stan Verrett & George Kittle (ESPN)|Extended Preview|Watch Now on Digital|Special Features Preview|Voice Cast Dubs Trailer|In Theaters Now|Clip - Meet Jessica Drew|IMAX¬Æ Interview | Joaquim Dos Santos|""The best Spider-Man film ever made"" is also the #1 Movie in the World!|Philippines Spot 19|Philippines Spot 18|SECRETS REVEALED! Shameik Moore, Hailee Steinfeld & Daniel Kaluuya|Pushing Past the Limits Vignette|Cast Unboxing|Point :06|Join :15|Masterpiece :15|Let's Go :15|Spider Zoo :15|Everything :06|Society :06|Say It :15|Extraordinary :15|Greatest :15|Across the Spider-Verse cast members discuss it all | How It Happened: Across the Spider-Verse|Philippines Spot 17|Philippines Spot 16|Philippines Spot 15|Philippines Spot 14|Philippines Spot 13|PlayStation Exclusive Clip|Spider-Center ft. Ashley Brewer & George Kittle (ESPN)|Spider-Stan ft. Stan Verrett (ESPN)|Hanging With Gwen|Clip - Stop Spider-Man|Blue Panther|Trailer - ""Stronger""|Self Love Song Teaser|New Guy|Funny Kids|Grounded|Different Sides|Sacrifice My Bad|Clip - Gwen & Miles|Character Reveal: Pavitr Prabhakar|Character Reveal: Jessica Drew|Character Reveal: Spider-Punk|Official Clip - ""Missing Class""|Philippines Spot 12|Philippines Spot 11|Philippines Spot 10|Philippines Spot 9|Philippines Spot 8|Philippines Spot 7|Philippines Spot 6|Philippines Spot 5|Philippines Spot 4|Philippines Spot 3|Philippines Spot 2|Philippines Spot 1|International Trailer|Legacy 30""|Welcome 30""|Official Trailer #2|The Spider-Verse will never be the same. New trailer arrives April 4.|Official Trailer|First Look",140.0,en,English|‡§π‡§ø‡§®‡•ç‡§¶‡•Ä|Italiano|Espa√±ol,Released,2023-05-31,,5|2251|77973|84041|14439
459003,tt6685538,–ú–∞–≤–∫–∞: –õ—ñ—Å–æ–≤–∞ –ø—ñ—Å–Ω—è,Animation|Adventure|Family|Fantasy,6.6,-1.0,5261,"based on novel or book fairy nature folklore based on myths, legends or folklore mavka ukrainian folklore independent film love vs duty",,Official Trailer|Official Teaser Trailer|Official Teaser Trailer 1|Mavka.The Forest Song: Animated Mood Board,99.0,uk,–£–∫—Ä–∞—ó–Ω—Å—å–∫–∏–π,Released,2023-03-02,,106008|116025|21652
502356,tt6718170,The Super Mario Bros. Movie,Animation|Family|Adventure|Fantasy|Comedy,7.0,-1.0,226780,gorilla plumber magic mushroom anthropomorphism based on video game toad aftercreditsstinger duringcreditsstinger damsel in distress piano brother brother relationship evil king,,Clip: Can Mario Survive the Ride on Rainbow Road?|Jack Black Gives Us a Deep Dive into Bowser's Traits|Going Beyond the Game|The Rainbow Road Kart Chase|Incorporating Mario Kart into the Super Mario Bros. Movie|Donkey Kong's Tropical Inspired Kingdom|Jack Black's Guide to The Darklands|The Nostalgia of Super Mario: Taking A Trip Down Memory Lane|Going Behind the Magic of Power-Ups|Even More Easter Eggs from The Super Mario Bros. Movie Revealed|The Easter Eggs of Super Mario|This is Why Jack Black Was the Perfect Bowser|Why Seth Rogen Was BORN to Play Donkey Kong|Princess Peach the Aspirational Princess|The Visionary Behind the Set Design|Chris Pratt's Take on Mario|The Super Dream Team|Step Inside The Mushroom Kingdom|Jack Black's Take on the World of Mario Bros.|Casting Luigi|A Movie Night Done RIGHT with Chris Pratt & Charlie Day|The Nostalgic Music of Super Mario - Composing Mario|The Making of Lumalee - A Cheerful Nihilist|Born To Play DK Bonus Feature|Spectacular Power-Ups Bonus Feature|Beyond the Game Bonus Feature|Let's Learn About the Right Power-Up - The Tanooki Suit|Chris Does It Bigger|Princess Peach's 5 Lessons in Loyalty & Leadership|Learning About Power Ups 101 | Power-Ups Explained|Yours to Own 6/13|Mario Wants Princess Peach‚Äôs Help to Save Luigi Extended Preview|Watch at Home on May 16|TV Spot 66|Peaches (Official Music Video)|Princess Peach Training Course Clip|SMBPlumbing Testimonial Super Cut|Four Player Showdown|TV Spot 59|TV Spot 59 (New)|TV Spot 58 (New)|TV Spot 58|TV Spot 37|TV Spot 51|Klay Thompson x The Super Mario Bros. Movie|TV Spot 51 (New)|Spot (English)|Mario is Back! (English)|Mario is Back! (English)|Illumination's Ultimate Movie Night|TV Spot 52|TV Spot 38|Mario's Boots at Nintendo New York [MAR10 Day Recap]|The Making of Mario's Boots | The Super Mario Bros. Movie x Red Wing Shoes|Final Trailer|Super Mario Bros. Plumbing Commercial|Smash|Mushroom Kingdom - Official Movie Clip|Official Trailer|Official Teaser Trailer,93.0,en,English,Released,2023-04-05,,33|6704|12288
997391,tt24517458,‡¥Ü‡¥∞‡µç‚Äç‡¥°‡¥ø‡¥é‡¥ï‡µç‡¥∏‡µç: ‡¥±‡µã‡¥¨‡¥∞‡µç‚Äç‡¥ü‡µç‡¥ü‡µç ‡¥°‡µã‡¥£‡¥ø ‡¥∏‡µá‡¥µ‡µç‡¥Ø‡¥∞‡µç‚Äç,Action|Drama,7.1,-1.0,4551,,,,150.0,ml,,Released,2023-08-25,,32731
545742,tt11744496,„ÉØ„É≥„Éî„Éº„Çπ „Ç®„Éî„ÇΩ„Éº„Éâ „Ç™„Éñ Á©∫Â≥∂,Animation|Action|Adventure|Comedy,6.7,-1.0,472,friendship friends pirate based on manga shounen anime remastering,,,104.0,ja,Êó•Êú¨Ë™û,Released,2018-12-31,,5542
55241,tt1589487,Meteor Storm,Science Fiction|Adventure|TV Movie,3.6,-1.0,1393,,,,90.0,en,English,Released,2010-01-30,,307
603692,tt10366206,John Wick: Chapter 4,Action|Thriller|Crime,7.7,-1.0,321127,"new york city martial arts hitman sequel organized crime osaka, japan aftercreditsstinger hunted professional assassin neo-noir berlin",404609,"John Wick 4 - The Apartment Massacre - VFX Breakdown by Rodeo FX|John Wick 4 - Arc De Triomphe - VFX Breakdown by Rodeo FX|Special Feature - Caine|Special Feature - Chad & Keanu|Special Feature - Keanu‚Äôs Nunchucks|Special Feature - Osaka Continental|Special Feature - John Wick the Western|JOHN WICK: CHAPTER 4 Featurette - ""Lots Of Planning"" (2023) Action|Questions With Ian McShane|Special Feature - Rina‚Äôs Range|Wick Fire Questions|IMAX¬Æ Interviews | Keanu Reeves & Chad Stahelski|Wickipedia|Special Feature - John Wick In 60 Seconds|UK Premiere Sizzle|Scott Adkins at London John Wick 4 Premiere|Scott Adkins Talks John Wick 4|New Challenges|Final Trailer|John Wick: Chapter 4 at CCXP 2022 ‚Äì Keanu Reeves|Official Trailer|Sneak Peek|Release Date Announcement",170.0,en,ÿßŸÑÿπÿ±ÿ®Ÿäÿ©|ÂπøÂ∑ûËØù / Âª£Â∑ûË©±|English|Fran√ßais|Deutsch|Êó•Êú¨Ë™û|Latin|P—É—Å—Å–∫–∏–π|Espa√±ol,Released,2023-03-22,,3528|23008|491|264
1151534,tt15789472,Nowhere,Thriller|Drama,6.3,-1.0,32109,lost at sea one location survival at sea,,Official Trailer [ENG SUB]|Date Announcement,109.0,es,Espa√±ol,Released,2023-09-29,,204005
695721,tt10545296,The Hunger Games: The Ballad of Songbirds & Snakes,Action|Adventure|Science Fiction,6.9,-1.0,91447,based on novel or book mentor arena fight riot dystopia exploration daughter president prequel murder survival snow creature battle spin off death fight to the death young adult academy origin story based on young adult novel death game teenager,,Olivia Rodrigo ‚Äì 'Can‚Äôt Catch Me Now'|Official Clip - ‚ÄòRun‚Äô|Special Feature - ‚ÄòMusic‚Äô|Official Clip - ‚ÄòA Brand New Role‚Äô|Special Feature - ‚ÄòWelcome Back to Panem‚Äô|The Hunger Games: The Ballad of Songbirds & Snakes (2023) Flickerman News ‚Äì The Plinth Prize|Flickerman News ‚Äì The Rabies Hoax|Remembering the War|Academy Orientation|Official Trailer 2|Page to Screen Trailer|Official Trailer|Reveal,157.0,en,English,Released,2023-11-15,,1632|5420|17393
811634,tt14391088,Ë•øÊ∏∏ËÆ∞‰πãÂÜç‰∏ñÂ¶ñÁéã,Animation|Action|Fantasy|Family,6.0,-1.0,540,kung fu anime,,Official Trailer|The Monkey King: Reborn (2021) Ë•øÊ∏∏ËÆ∞‰πãÂÜç‰∏ñÂ¶ñÁéã - Trailer 2 - Far East Films|The Monkey King: Reborn (2021) Ë•øÊ∏∏ËÆ∞‰πãÂÜç‰∏ñÂ¶ñÁéã - Trailer - Far East Films,95.0,zh,ÊôÆÈÄöËØù,Released,2021-04-02,,106719
870518,tt15364972,Sanctuary,Thriller|Comedy|Drama,6.3,-1.0,7422,"hotel eroticism denver, colorado dominatrix dark comedy dominance job promotion one location power dynamics",,Official Canadian Trailer|Official Trailer|SANCTUARY Q&A at TIFF 2022,96.0,en,English,Released,2023-04-06,,81794|102874|160264|193754
1008042,tt10638522,Talk to Me,Horror|Thriller,7.1,-1.0,126475,suicide trauma female friendship addiction possession grief female protagonist death of mother self mutilation mental health dead parent social media peer pressure disembodied hand generation z self-harm supernatural horror cautionary tale adelaide australia body horror graphic violence teenager,1162328,"Exclusive Movie Clip - Limbo|Official Preview|Exclusive Movie Clip - Conjuring the Spirits Montage|'Who's First?' Clip|‚ÄòViral‚Äô TV Spot|Behind the Scenes|Official Promo|Official US Trailer 2|Official US Trailer|Michael & Danny Philippou on ‚ÄúTalk to Me""",95.0,en,English|ŒµŒªŒªŒ∑ŒΩŒπŒ∫Œ¨,Released,2023-07-26,,32301|110175|7584|2806|61922|5056|209573
1007427,tt15727212,Night Train,Action|Thriller|Crime,3.7,-1.0,1110,,,Official Trailer,96.0,en,English,Released,2023-01-13,,
298618,tt0439572,The Flash,Action|Adventure|Science Fiction,6.7,-1.0,200268,secret identity hero superhero based on comic superhuman super power aftercreditsstinger butterfly effect dc extended universe (dceu) superhuman abilities loss of mother,,"Fighting Dark Flash Behind The Scenes|Flash Suit|Supergirl vs. Zod|Spaghetti Theory|Let's Get Nuts: Batman Returns... Again|Extended Preview|Abbey Road Recording Sessions - ""Baby Shower""|Abbey Road Recording Sessions - ""Worlds Collide""|London Projection|Supergirl Featurette|Final Trailer|Flashback Fridays: Batman Returns..Again!|Official Trailer 2|Teaser|Big Game TV Spot|Official Trailer",144.0,en,English|Espa√±ol|P—É—Å—Å–∫–∏–π,Released,2023-06-13,,174|152809|170335|128064
1116598,tt27619137,Control Zeta,Action|Science Fiction|Crime,5.1,-1.0,56,,,,105.0,es,Espa√±ol,Released,2023-04-27,,198414
901362,tt14362112,Trolls Band Together,Animation|Family|Music|Fantasy|Comedy,6.0,-1.0,10254,pop star musical brother sequel based on toy reunite sister sister relationship brother brother relationship trolls jukebox musical,489724,"See *NSYNC as trolls|Music Celebration|A Look Inside|""Tiny"" 30s Kids Spot|""Rescue"" - 30s Kids Spot|""Dream Cast"" 30s Kids Spot|""Sing It"" 30s Kids Spot|Official Trailer 2|Official Trailer",92.0,en,English,Released,2023-10-12,,521|33
804755,tt11348542,Agnes,Horror,3.9,-1.0,1591,nun faith priest religion church demonic possession rumor,,Agnes - Official Trailer|AGNES - Official Teaser Trailer (HD),93.0,en,English,Released,2021-12-10,,89115|104584
335977,tt1462764,Indiana Jones and the Dial of Destiny,Adventure|Action,6.6,-1.0,185096,ancient rome treasure hunt sequel flashback knife fight archaeologist adventurer 1960s nazi germany action adventure,84,"One Month|Vudu Extended Preview|Crafting Indy|Celebrating Harrison Ford|John Williams Featurette|Ride of a Lifetime|Biggest Fear|First Day|Summer's #1 Movie|BFI Future Skills trainees on working on LucasFilms‚Äô Indiana Jones and the Dial of Destiny|Spoiler Warning|A New Discovery|Summer's Biggest Adventure|Map of Adventures|Behind the Action Featurette|One Final Adventure|Triumphant|Harrison Ford Reflects on Playing Indiana Jones, New Adventures Come to the Disney Parks, and More!|The Stars at the U.S. Red Carpet Premiere|Train|Icons|In 2 Weeks|Harrison Ford and Ke Huy Quan|The Legacy of Indiana Jones|Get in the Pool|Steal|Rescue|The Last Adventure|Official Trailer 2|Big Game TV Spot|Official Trailer",155.0,en,English,Released,2023-06-28,,1
76600,tt1630029,Avatar: The Way of Water,Science Fiction|Adventure|Action,7.6,-1.0,481115,loss of loved one dying and death alien life-form resurrection sequel dysfunctional family alien planet distant future adopted child rebirth family dynamics adopted son stronger villain war,87096,"Creature Deep Dive|Jake and Neytiri Father and Mother|Journey|On Disney+ in 1 Week|Bring It Home On June 20|June 7 on Disney+|Mighty Clip|'Avatar: The Way of Water' Wins Best Visual Effects | 95th Oscars (2023)|Acting Underwater Bonus Extra|The Tank and Actors Bonus Extra|Connection|The Undersea Creatures of Pandora|Vudu Extended Preview|Let's Go|Generations|Visual Effects | Avatar: The Way of Water | Oscars95 Press Room Speech|Return to Pandora | On Digital March 28|Global Phenomenon|Heartbeat|Production Design|#1 for 7 Weeks|A Friendship Like No Other|Deborah L. Scott, Costume Designer|Sigourney Weaver|#1 Movie for 3 Weeks|Unboxing|Planet Pandora|Cast on Cast - Trinity Jo-Li Bliss and Jack Champion|Cast on Cast - Bailey Bass and Jamie Flatters|Acting In The Volume Featurette|#1 Movie|Academy Conversations with the filmmakers|Cast Fan Q&A|Casting and Characters|#1 Movie in the World|Nothing Is Lost (You Give Me Strength) Official Lyric Video|Legendary Cast Fan Q&A|International Tour|Now Playing in Theaters|See It in 3D Tonight|Cast on Cast|This Friday|See It In 3D|Exclusive Look|In Five Days|Introduction - Learn Na‚Äôvi Sign Language|Learn Your Ways|Nothing Is Lost|Return to Pandora|See It in 3D|IMAX Featurette|Australian Avatar Week|Our Fortress|New Trailer|Tickets on Sale|Tune In|Keep Our Oceans Amazing|Niagara Falls|Official Trailer Online Now|Official Trailer|Keep Our Oceans Amazing|Official Teaser Trailer",192.0,en,English,Released,2022-12-14,,127928|574
492008,tt7035004,Í≤ÄÍ∞ù,Action|Drama|History,6.8,-1.0,5283,sword fight joseon dynasty chinese invasion of korea,,The Swordsman (2020),101.0,ko,ÌïúÍµ≠Ïñ¥/Ï°∞ÏÑ†Îßê,Released,2020-09-23,,7270|114520|207447
1010581,tt21909764,Culpa m√≠a,Drama|Romance,6.2,-1.0,21251,stepbrother female protagonist stepsister rise enemies to lovers passion and romance car,1156666,Official Trailer (English Dub),117.0,es,Espa√±ol,Released,2023-06-08,,32485|20580
744857,tt16300962,Cuando acecha la maldad,Horror|Thriller,7.0,-1.0,23453,shotgun small town farm village possession gore goat demon police officer dog ex-wife evil brother brother relationship brutal violence,,"The Scariest Film of the Year|Official Clip ""Don't Do It!""|Official Trailer [Subtitled]|Teaser Trailer",99.0,es,Espa√±ol,Released,2023-10-05,,28912|165642|135436|142877|102626
118249,tt2051999,Thriller Night,Animation,6.2,-1.0,1016,,,,6.0,en,English,Released,2011-09-13,,521
1172009,tt24083908,The Black Book,Mystery|Thriller|Action,5.2,-1.0,1210,revenge thriller nollywood,,Official Trailer #2|Official Trailer,124.0,en,English,Released,2023-09-22,,203941
1034062,tt22698070,Mortal Kombat Legends: Cage Match,Animation|Action|Fantasy,5.9,-1.0,1227,martial arts fighting based on video game extreme blood,,Official Red Band Trailer|Official Green Band Trailer,80.0,en,English,Released,2023-10-17,,2785
634649,tt10872600,Spider-Man: No Way Home,Action|Adventure|Science Fiction,8.2,-1.0,859951,new york city loss of loved one showdown secret identity hero magic villain dangerous vigilante portal sequel superhero superhero team alternate reality masked vigilante spider web aftercreditsstinger duringcreditsstinger marvel cinematic universe (mcu) teenage hero fight for justice superhero teamup returning hero crossover teamwork ËúòËõõ‰æ†ÔºöËã±ÈõÑÊó†ÂΩí,531241,"Enter Sandman (And Electro)|A Spectacular Spider Journey With Tom Holland|Matt Murdock Deleted Scene [ENG SUB]|Action Choreography Across The Multiverse - Behind The Scenes|Multiverse of Miscreants - Behind The Scenes|Gag Reel|A Special Message from Peter 3|Peter, Peter, and Peter are Back in Theaters|Heroes Reunited|Elevator|Back in Theaters|Peter Brings Villains To Happy's Condo|All The Peters Assemble! [ENG SUB]|The More Fun Stuff Version|The Condo Fight Scene|Curing The Villains|The Villains Come To Fight|Lola's Request|SPIDER-MAN: NO WAY HOME - Spider-Mans Trailer|Spider-Mans Trailer|All Three Spideys Learn About Each Other|Easter Eggs (Part 3)|Special Features - Jamie Foxx|Special Features - Alfred Molina|Easter Eggs (Part 2)|Special Features - Willem Dafoe|Ned‚Äôs Bogus Adventure|Multiverse of Miscreants|Easter Eggs (Part 1)|Special Features - A Special Bond|Special Features - Connecting with Peter Parker|Special Features - Journey|Special Features - Condo Fight|Gag Reel (Part 3)|Easter Eggs|Special Features - Action Choreography|The Amazing Peter #3|Gag Reel (Part 2)|A Spectacular Spider-Journey|Gag Reel|First 10 Minutes Extended Preview|Catching Up with Jamie Foxx|Special Features - Suiting Up|Special Features Preview|Lie Detector with Tom Holland and Jacob Batalon|Clip - Walking Corpses|Clip - Mirror Dimension|Behind-The-Scenes|Clip - Catch|Clip - Peter Ruins Runes|Clip - Outed|Cartoon Network Presents ‚ÄòTwas the Night Before|Who'd You Rather|Ultimate Holiday Movie|Check It Out|Cast Catch-Up|Imagine|Return of the Villains Vignette|Fame|Dude|Together|Strange|Spider Bite|Official IMAX¬Æ Trailer|Official Trailer|Official Teaser Trailer|The New Spider-Man Title is‚Ä¶",148.0,en,English|,Released,2021-12-15,,420|84041|5
751237,tt13235822,Umma,Horror|Mystery,4.7,-1.0,10195,farm east asian lead death of mother motherhood woman director korean american mother daughter relationship korean,,UMMA - Celebrating AAPI Heritage Month|UMMA - First 10 Minutes|UMMA Film Clip ‚Äì Who Are You|UMMA Film Clip ‚Äì Nightmare|Official Trailer,83.0,en,ÌïúÍµ≠Ïñ¥/Ï°∞ÏÑ†Îßê|English,Released,2022-03-18,,122323|11341|141525
1039690,tt14633464,Desperation Road,Action|Crime|Drama|Thriller,5.7,-1.0,2719,based on novel or book small town cop ex-con mississippi,,UK Trailer|Official Clip - ‚ÄòI Got to Believe We Can be Forgiven‚Äô|Official Clip - ‚ÄòSomething You Ain‚Äôt Telling Me‚Äô|Official Clip - ‚ÄòI Ain‚Äôt Going in No Truck‚Äô|Official Trailer,112.0,en,English,Released,2023-10-19,,3604|154063|63369|210315
833326,tt13482806,Rien √† foutre,Drama,6.4,-1.0,4519,airplane loneliness car accident airline flight attendant,,Trailer (English subs)|Teaser,116.0,fr,English|Rom√¢nƒÉ|Fran√ßais,Released,2022-03-02,,87032|53509|11997|792|92187|11797|24430
1076364,tt26736061,Carl's Date,Animation|Adventure|Family,6.4,-1.0,2945,date love dog short film,,Official Trailer,9.0,en,English,Released,2023-06-15,,3
937249,tt18083578,57 Seconds,Thriller|Science Fiction|Action,5.4,-1.0,5569,,,"Finding The Ring Extended Clip|Official Clip - The Interview|Official Clip - ""Franklin Finds Ring""|Official Trailer",99.0,en,English,Released,2023-09-29,,189103|176331|12029
447365,tt6791350,Guardians of the Galaxy Vol. 3,Science Fiction|Adventure|Action,7.9,-1.0,365972,hero sequel superhero based on comic mad scientist superhero team space opera raccoon aftercreditsstinger duringcreditsstinger marvel cinematic universe (mcu) cosmic outer space chosen family,284433,"Disney+ Promo|Now Streaming on Disney+|Streaming August 2 on Disney+|Vudu Extended Preview|IGN Exclusive Deleted Scene|Bringing Adam Warlock & The High Evolutionary to the MCU|Animating Rocket & Groot|Bradley Cooper on Rocket: ""I love him so much""|#1 2 Weeks|James Gunn | IMAX¬Æ Interview|#1 Movie in the Galaxy|Marvel Studios' Louis D'Esposito At The Premiere|Unforgettable | The Cast and Creators of Marvel Studios' Guardians of the Galaxy Vol. 3|Finding the Perfect Guardians of the Galaxy with Sarah Halley Finn|Nathan Fillion Makes His MCU Debut In Guardians of the Galaxy Vol. 3|Elizabeth Debicki On Embodying Ayesha|Cast Unboxing|Don't Let the Music Stop|Maria Bakalova Explains Why Cosmo is a Good Dog|Be Smart|Sean Gunn On Kraglin's Transformation|Brilliant End|Linda Cardellini Is Lylla The Otter|Introducing The High Evolutionary Live from the Red Carpet|Pom Klementieff On The Incredible Action In Guardians of the Galaxy Vol. 3|Red Carpet Highlights!|Turn It Up|Vin Diesel Reveals Groot's Secrets|Karen Gillan On Playing Nebula|Will Poulter On Bringing Adam Warlock To Life|Kevin Feige On Guardians of the Galaxy Vol. 3 As An Epic Finale|Bradley Cooper On Exploring Rocket's Origins|Chris Pratt On Star-Lord's Journey|Director James Gunn On The End of the Trilogy|Good to Have Friends Clip|Biggest Event of the Summer|‚ÄúPush Down On It‚Äù Clip (Vertical Version)|‚ÄúPush Down On It‚Äù Clip|Hooked|All The Feels|One Last Ride|‚ÄúI Miss You‚Äù Clip|Relax|Final Tour|Greatest Hits|Once More With Feeling|Face Off|Get Tickets Now|Get Your Tickets|Tickets on Sale Now|Tickets On Sale Now|Get Ready|New Trailer [Audio Described]|New Trailer|Official Trailer [Audio Described]|Official Trailer",150.0,en,English,Released,2023-05-03,,420|176762
315162,tt3915174,Puss in Boots: The Last Wish,Adventure|Fantasy|Animation|Comedy|Family|Action,7.8,-1.0,168052,fairy tale talking dog spin off aftercreditsstinger talking cat fear of death,94602,"Scene At The Academy|Panic Attack Scene|Who is Your Favourite Fearless Hero? Extended Preview|Designing A Fairytale Featurette|Creating The Characters Featurette|Battle With The Giant Featurette|We Love You Perrito|Academy Conversations with Joel Crawford, Mark Swift & more|Cast Featurette|Hot Ones Episode|KAROL G - ""La Vida Es Una"" (Official Teaser)|World Cup: Weston McKennie & Puss In Boots|A Look Inside Featurette|How to Order Concessions ""Just Right""|Official Trailer 3|Official Trailer 2|Official Trailer",103.0,en,English|Espa√±ol,Released,2022-12-07,,521|33
1156255,tt26450742,The Engineer,Action|Thriller,4.1,-1.0,1564,,,Official Trailer,93.0,en,English,Released,2023-08-18,,50074|817|162506
447277,tt5971474,The Little Mermaid,Adventure|Family|Fantasy|Romance,7.2,-1.0,151489,musical mermaid based on fairy tale live action remake,,Wild Uncharted Waters|Vanessa's Trick|Kiss the Girl|Part of Your World (Reprise)|Under the Sea|Part of Your World|Choreographing Under The Sea|Sebastian|The Scuttlebutt Clip|The Scuttlebutt|IMAX¬Æ Interview | Rob Marshall & John DeLuca|Rate the Villain|You Listen to Me Bird Clip|The Music of The Little Mermaid|Everything They Do Is Magic|Poor Unfortunate Souls Clip|Melissa as Ursula|Unfortunate|Halle Bailey Performs ‚ÄúPart of Your World‚Äù at Disneyland|Reasons We Love Halle|Halle|Halle's Ariel|Sidekicks|Under The Sea Clip|Drawing Challenge|The Cast Goes Under The Sea|Part Of Your World Clip|Part of Your World (Visualizer Video)|Choices|A World Reimagined|Trailer Reaction|Official Trailer|Wish|Official Teaser Trailer,135.0,en,English,Released,2023-05-18,,2|17021|2527
1058694,tt14570440,Radical,Drama,8.0,-1.0,1977,usa‚Äìmexico border teachers and students border town,,Official Trailer,127.0,en,Espa√±ol,Released,2023-10-19,,105116|173035|79714|210842
814776,tt17527468,Bottoms,Comedy,6.8,-1.0,31608,cheerleader female friendship high school bullying coming of age teenage girl loss of virginity school assembly high school student teen comedy lgbt sex comedy duringcreditsstinger teen anger jocks archetypes teen social issues fight club toxic masculinity lesbian sapphic absurdist humor mid credits bloopers witty satire comedy gay,,Queer Yodas React|Welcome To Our Fight Club ‚Äì Behind The Scenes|Mr. G Outtakes|It‚Äôs Not Gonna Happen For Me ‚Äì Official Clip|Behind Bottoms|Best Reviewed Comedy ‚≠ê ‚≠ê ‚≠ê ‚≠ê ‚≠ê|NY Special Event Screening|Director Diaries ‚Äì Behind The Scenes|How Emma Seligman Assembled a Queer Fight Club with Rachel Sennott & Ayo Edebiri | BOTTOMS | TIFF|What Is Bottoms? ‚Äì Behind The Scenes|We‚Äôre Doing This - Extended Clip|Marshawn Lynch as Mr. G - Restricted Clip|Behind The Scenes|Report To The Principal‚Äôs Office ‚Äì Official Clip|Official Red Band Trailer|SXSW Premiere Sizzle,91.0,en,English,Released,2023-08-25,,12365|41
354912,tt2380307,Coco,Family|Animation|Fantasy|Music|Comedy|Adventure,8.4,-1.0,577117,holiday mexico guitar musician skeleton afterlife singer life after death child day of the dead,,"Coco | All the Facts | Disney+ Deets|Coco (2017) Teaser|Coco (2017) Australian Trailer|Anthony Gonzalez, Gael Garc√≠a Bernal - Un Poco Loco|Facts About Coco|Music of Coco|Clean Up Your Act|Battle of the Bands|A Great, Great Rescue|Not Like the Rest|Anything to Declare?|Official Final Trailer|The Land of the Dead|Mariachi Plaza|Crafting Coco|Official US ""Find Your Voice"" Trailer|Official US Trailer|Official US Teaser Trailer",105.0,en,English|Espa√±ol,Released,2017-10-27,,3|2
1171541,tt28487871,Sniper: G.R.I.T. - Global Response & Intelligence Team,Action|Thriller,5.1,-1.0,660,,14246,Official Film Clip|Extended Preview|Official Trailer,92.0,en,English,Released,2023-09-26,,769|59031
899445,tt14865406,Deep Fear,Horror|Thriller|Action,4.8,-1.0,4774,shark,,Official Trailer,84.0,en,English,Released,2023-10-18,,164686|189103|117747|9987|211553|104
761851,tt8277246,His Only Son,Drama|Fantasy,5.8,-1.0,2345,sacrifice bible son father faith god abraham independent film biblical crowd funded,,Sarah Trailer|Easter Trailer|Official Trailer|Official Teaser Trailer,104.0,en,English,Released,2023-03-30,,120144|165435
584004,tt15340206,Resurrected,Horror|Science Fiction,5.4,-1.0,894,found footage,,Feature Trailer|Official Canadian Trailer,90.0,en,English,Released,2023-04-27,,109501|92840
759584,tt2572212,Surrounded,Western|Action|Drama,5.9,-1.0,1397,civil war gold mine frontier outlaw stagecoach buffalo soldier,,Official Clip - Stagecoach Attack|Official Trailer,100.0,en,English,Released,2023-04-02,,187755|551|199825|13240|21
635910,tt1001520,The Last Voyage of the Demeter,Thriller|Horror,6.1,-1.0,41971,based on novel or book vampire ship gothic horror dracula 1890s,,Yours to Own Promo|The Last Voyage of the Demeter Featurette #1|Watch at Home Now|Clemens Saves A Boy On The Demeter's Voyage Extended Preview|Clip - Dracula Attacks Two Crew Members|Clip - Clemens Confronts Dracula|A Look Inside Featurette|Official Trailer,119.0,en,English|P—É—Å—Å–∫–∏–π,Released,2023-08-09,,11317|7|205662|7294|264|206581
466420,tt5537002,Killers of the Flower Moon,Crime|Drama|History,7.7,-1.0,183535,based on novel or book husband wife relationship war veteran fbi oklahoma manipulation greed based on true story murder native american racism series of murders genocide period drama courtroom guilt true crime oil industry death of sister catholicism uncle nephew relationship catholic guilt 1920s osage indian gullibility poisoning diabetes revisionist western meta male protagonist western,,"Martin Scorsese on the films that inspired Killers of the Flower Moon|Lily Gladstone Feeds a Horse On Set|Lily Gladstone Behind the Scenes|Family Bonds Featurette|If you‚Äôre going to make trouble, make it big|""Just Be Still"" Clip|Follow the money|Uncover the truth|Final Trailer|‚ÄúHead Rights‚Äù Clip|From Martin Scorsese, get tickets now and experience it in cinemas|Experience it in cinemas|3 legends reunited on the big screen|Don't miss ‚ÄúScorsese‚Äôs best movie in decades!‚Äù|""Coyote"" Clip [Subtitled]|The best performance of Leonardo DiCaprio‚Äôs entire career|True Voices|A Shared Vision|Martin Scorsese arrives for Killers of the Flower Moon at the BFI London Film Festival 2023|There's nowhere to turn|Every twist, every turn is only the beginning|""Front of the Head"" Clip|Robert De Niro as William King Hale|Lily Gladstone as Mollie Burkhart|Leonardo DiCaprio as Ernest Burkhart|""Handsome Devil"" Clip|Greed. Power. Betrayal.|An Inside Look|Scorsese. DiCaprio. De Niro. Gladstone.|The deeper you go, the darker it gets.|DiCaprio‚Äôs best role yet!|Scorsese‚Äôs most innovative and best movie in decades|Scorsese‚Äôs best movie in decades|Official Trailer 2|Official Trailer|Official Teaser Trailer",206.0,en,Fran√ßais|English|Latin,Released,2023-10-18,,194232|81121|23243|562
299536,tt4154756,Avengers: Infinity War,Adventure|Action|Science Fiction,8.4,-1.0,1182857,magic sacrifice superhero based on comic space battlefield genocide magical object super power aftercreditsstinger marvel cinematic universe (mcu) cosmic,86311,"Avengers vs Ebony Maw & Cull Obsidian | Avengers Infinity War (2018) IMAX Movie Clip HD 4K|Thor Arrives In Wakanda Scene - Avengers Infinity War (2018) Movie CLIP 4K ULTRA HD|Avengers: Infinity War (2018) - ""Dangers Of Strangers"" | Movie Clip|AVENGERS 3: Infinity War All Bonus Features & Bloopers (2018)|AVENGERS INFINITY WAR -  Battle in New York - IRON MAN vs BLACK ORDER Movie Clip HD|""Legacy"" TV Spot|""Family"" Featurette|Chant TV Spot|Official Trailer #2|Big Game Spot|Official Trailer|Fans reaction Trailer Tease|Action...Avengers: Infinity War",149.0,en,English|,Released,2018-04-25,,420
1077600,tt26920120,„Éô„Ç§„Éì„Éº„Çè„Çã„Åç„ÇÖ„Éº„Çå2„Éô„Ç§„Éì„Éº,Action|Drama|Crime|Comedy,6.9,-1.0,467,gun gunfight,1077707,Êò†Áîª„Äé„Éô„Ç§„Éì„Éº„Çè„Çã„Åç„ÇÖ„Éº„Çå 2 „Éô„Ç§„Éì„Éº„Äè‰∫àÂëäÁ∑®,101.0,ja,Êó•Êú¨Ë™û,Released,2023-03-24,,84462|164697|56274|191674
961268,tt26350277,Î∞úÎ†àÎ¶¨ÎÇò,Action|Crime|Thriller,6.2,-1.0,10652,bodyguard revenge best friend wish fulfillment ballerina swordswoman girl biker loss of a friend,,"The secrets behind the cinematography, art, and music of Ballerina [ENG SUB]|Now Streaming [Subtitled]|Official Trailer [Subtitled]|Official Teaser [Subtitled]",93.0,ko,ÌïúÍµ≠Ïñ¥/Ï°∞ÏÑ†Îßê,Released,2023-10-05,,127541
945729,tt22687790,A Haunting in Venice,Mystery|Thriller|Crime,6.5,-1.0,100167,"venice, italy loss of loved one detective based on novel or book medium grief whodunit guilt novelist post world war ii murder investigation ghost s√©ance murder mystery spiritism halloween night palazzo retired detective",735384,"Hulu Teaser|Stream on Hulu, Buy at Digital Retailers Oct. 31|Living Proof|Experience In IMAX|The Mother|Energy|Old Friends|Survive|Legacy|Real Scares On The Set Of A Haunting In Venice|The Writer|The Medium|How It's Going|Building The Palazzo|Lost My Faith|Mystery|Tickets On Sale|Poirot|POV|Numbers|Teaser|Eerie Ensemble|Books|Seeing Things|Listening|Teaser|Death|Official Trailer [Audio Described]|Teaser|Suspect|Haunting Mystery|Trailer Online Now|Official Trailer|Teaser Trailer",104.0,en,English|Italiano|Latin,Released,2023-09-13,,127928|1645|1557|28788|84097
1010928,tt21638298,Voleuses,Action|Comedy|Drama,5.7,-1.0,5665,art thief based on graphic novel woman director,,Official Trailer [Subtitled]|Official Teaser [Subtitled],114.0,fr,Fran√ßais,Released,2023-11-01,,9
792293,tt13957560,Dumb Money,Comedy|Drama|History,6.9,-1.0,29240,massachusetts based on true story social media stock market dramedy investing investment vlogger brother brother relationship social media influencer gamestop reddit,,Extended Preview|Vignette - Stonk Mom|Vignette - Community|Vignette - Roaring Kitty|How Craig Gillespie took DUMB MONEY to the Moon | TIFF 2023|In Cinemas Now|Gangster|Vignette - Normal Guy|Game|Rigged|DUMB MONEY at TIFF 2023 | Q&A with Craig Gillespie|Vignette - David vs. Goliath|‚ÄúHow much did we make today?‚Äù|‚ÄúThey‚Äôre coming after you‚Äù|Official UK Trailer|Official Trailer,104.0,en,English|Espa√±ol,Released,2023-09-15,,22146|172841|213595
156022,tt0455944,The Equalizer,Thriller|Action|Crime,7.2,-1.0,413025,corruption call girl assassin hostage fbi hitman gangster sadism vigilante remake sociopath revenge organized crime gore teenage prostitute commando interrogation surveillance fake death ex soldier loner black ops hand to hand combat mysterious past vigilante justice,523855,EXCLUSIVE INTERVIEW #TheEqualizer - Denzel & Antoine team up|Exclusive Interview #TheEqualizer - Chlo√´ Grace Moretz & Denzel Washington|EXCLUSIVE INTERVIEW #TheEqualizer - McCall's nature|EXCLUSIVE INTERVIEW #TheEqualizer - Hammer|Exclusive Interview with Denzel Washington & Antoine Fuqua - Street Justice Vigilantism|The Equalizer Movie - Extended International Clip|THE EQUALIZER - Official Trailer (HD),132.0,en,English,Released,2014-09-24,,41096|5|79|1423|34034|2767
8920,tt0356634,Garfield,Animation|Comedy|Family,5.0,-1.0,92824,competition cat mascot lasagne pets live action and animation,86115,Garfield (2004) - trailer|Garfield The Movie 2004   Official  Trailer,80.0,en,English,Released,2004-06-10,,1302|25
717930,tt5761544,Kandahar,Action|Thriller,6.1,-1.0,30343,cia undercover agent behind enemy lines,,‚ÄúI Should‚Äôve Told You the Truth Earlier!‚Äù Extended Preview|Yours to Own Promo|Watch at Home Now|Official Trailer|Official Canadian Trailer|Teaser Trailer,119.0,en,English,Released,2023-05-25,,3528|103331|145428|154063
1003581,tt27687527,Justice League: Warworld,Animation|Action|Science Fiction|Adventure,5.3,-1.0,3646,superhero based on comic,1178688,Illusions on Warworld|Save Myself|Pretty Fine Piece Clip|Official Trailer,90.0,en,English,Released,2023-07-25,,2785|9993
496450,tt10364034,Miraculous - le film,Animation|Family|Action|Fantasy|Romance,6.1,-1.0,6109,"paris, france superhero interracial romance teen superhero",,Behind the Animation with Jeremy Zag|Official Trailer|Miraculous x Flik Flak: Partner Promotion|Official Teaser Trailer|Early Teaser,107.0,fr,Fran√ßais,Released,2023-07-05,,84713|140008|2902|79650|35136|200503|138896
862552,tt13141250,The Ritual Killer,Mystery|Thriller|Action|Drama,4.3,-1.0,6392,black magic serial killer,,Trailer,92.0,en,English,Released,2023-03-09,,101890|189519
628707,tt9177040,Trick,Thriller|Horror,4.9,-1.0,4788,halloween halloween party gore serial killer slasher halloween night,,TRICK - Official Trailer,101.0,en,English,Released,2019-10-18,,123532|43808|100121|127427|127428|3870
289559,tt1773467,House of Purgatory,Thriller|Horror,4.2,-1.0,735,halloween halloween party,,House of Purgatory Official Trailer,75.0,en,English,Released,2016-10-21,,98604
410119,tt0345219,Ë∂≥Êú¨ÁéâËí≤Âúò,Drama|Fantasy|Romance,6.1,-1.0,42,,685985,,90.0,cn,ÂπøÂ∑ûËØù / Âª£Â∑ûË©±,Released,1987-10-15,,
257117,tt2825230,Blood Punch,Horror|Thriller,6.2,-1.0,3393,dark comedy woman director,,"BLOOD PUNCH -- The First Trailer -- ""PLAY ME...""",104.0,en,English,Released,2014-02-21,,83652
843846,tt1462759,Butcher's Crossing,Drama|Western,5.7,-1.0,3062,based on novel or book buffalo american west 1870s college dropout,,Official Trailer,105.0,en,English,Released,2023-10-20,,46936|107513|19638|290|76992|831
875279,tt18933046,Á•ûÂÖµÁâπÊîª,Action|Science Fiction,5.1,-1.0,484,,,Official Red Band Trailer|VR Fighter / One More Shot (2021) Á•ûÂÖµÁâπÊîª - Movie Trailer - Far East Films,82.0,zh,ÊôÆÈÄöËØù,Released,2022-10-13,,198730
554917,tt7144200,The Siren,Fantasy|Horror,4.9,-1.0,674,drowning woods haunting lakehouse,,THE SIREN - FRIGHTFEST PRESENTS - A film by Perry Blackshear|Rusalka - Trailer - FEFFS 2018,78.0,en,English,Released,2019-03-02,,114874